date,pair,close
2025-08-23,EURUSD,1.09119
2025-08-24,EURUSD,1.10882
2025-08-25,EURUSD,1.09662
2025-08-26,EURUSD,1.10669
2025-08-27,EURUSD,1.10508
2025-08-28,EURUSD,1.10754
2025-08-29,EURUSD,1.11124
2025-08-30,EURUSD,1.1041
2025-08-31,EURUSD,1.10706
2025-09-01,EURUSD,1.11055
2025-09-02,EURUSD,1.11749
2025-09-03,EURUSD,1.11452
2025-09-04,EURUSD,1.10319
2025-09-05,EURUSD,1.11596
2025-09-06,EURUSD,1.11206
2025-09-07,EURUSD,1.10485
2025-09-08,EURUSD,1.11183
2025-09-09,EURUSD,1.1026
2025-09-10,EURUSD,1.10501
2025-09-11,EURUSD,1.09866
2025-09-12,EURUSD,1.10493
2025-09-13,EURUSD,1.10069
2025-09-14,EURUSD,1.10165
2025-09-15,EURUSD,1.09704
2025-09-16,EURUSD,1.09187
2025-09-17,EURUSD,1.09472
2025-09-18,EURUSD,1.09723
2025-09-19,EURUSD,1.08903
2025-09-20,EURUSD,1.09178
2025-09-21,EURUSD,1.09625
2025-09-22,EURUSD,1.1059
2025-09-23,EURUSD,1.10204
2025-09-24,EURUSD,1.09536
2025-09-25,EURUSD,1.09813
2025-09-26,EURUSD,1.09517
2025-09-27,EURUSD,1.10199
2025-09-28,EURUSD,1.10929
2025-09-29,EURUSD,1.10884
2025-09-30,EURUSD,1.10185
2025-10-01,EURUSD,1.10713
2025-10-02,EURUSD,1.10449
2025-10-03,EURUSD,1.1101
2025-10-04,EURUSD,1.10196
2025-10-05,EURUSD,1.09763
2025-10-06,EURUSD,1.10491
2025-10-07,EURUSD,1.10568
2025-10-08,EURUSD,1.09604
2025-10-09,EURUSD,1.09839
2025-10-10,EURUSD,1.09054
2025-10-11,EURUSD,1.08807
2025-10-12,EURUSD,1.08886
2025-10-13,EURUSD,1.08325
2025-10-14,EURUSD,1.09179
2025-10-15,EURUSD,1.08451
2025-10-16,EURUSD,1.07882
2025-10-17,EURUSD,1.08293
2025-10-18,EURUSD,1.07288
2025-10-19,EURUSD,1.06513
2025-10-20,EURUSD,1.06267
2025-10-21,EURUSD,1.05666
2025-10-22,EURUSD,1.05271
2025-10-23,EURUSD,1.04749
2025-10-24,EURUSD,1.05522
2025-10-25,EURUSD,1.03907
2025-10-26,EURUSD,1.03671
2025-10-27,EURUSD,1.03326
2025-10-28,EURUSD,1.0383
2025-10-29,EURUSD,1.02998
2025-10-30,EURUSD,1.02977
2025-10-31,EURUSD,1.02671
2025-11-01,EURUSD,1.02555
2025-11-02,EURUSD,1.02633
2025-11-03,EURUSD,1.02023
2025-11-04,EURUSD,1.01748
2025-11-05,EURUSD,1.01987
2025-11-06,EURUSD,1.02645
2025-11-07,EURUSD,1.02048
2025-11-08,EURUSD,1.03003
2025-11-09,EURUSD,1.02388
2025-11-10,EURUSD,1.02383
2025-11-11,EURUSD,1.03703
2025-11-12,EURUSD,1.03526
2025-11-13,EURUSD,1.0332
2025-11-14,EURUSD,1.03972
2025-11-15,EURUSD,1.04072
2025-11-16,EURUSD,1.0493
2025-11-17,EURUSD,1.05537
2025-11-18,EURUSD,1.05788
2025-11-19,EURUSD,1.0639
2025-11-20,EURUSD,1.07639
2025-11-21,EURUSD,1.07937
2025-11-22,EURUSD,1.07322
2025-11-23,EURUSD,1.08419
2025-11-24,EURUSD,1.09214
2025-11-25,EURUSD,1.09729
2025-11-26,EURUSD,1.10103
2025-11-27,EURUSD,1.10794
2025-11-28,EURUSD,1.09872
2025-11-29,EURUSD,1.10061
2025-11-30,EURUSD,1.1109
2025-12-01,EURUSD,1.10985
2025-12-02,EURUSD,1.1234
2025-12-03,EURUSD,1.11106
2025-12-04,EURUSD,1.11409
2025-12-05,EURUSD,1.12085
2025-12-06,EURUSD,1.12831
2025-12-07,EURUSD,1.11949
2025-12-08,EURUSD,1.1234
2025-12-09,EURUSD,1.12554
2025-12-10,EURUSD,1.12876
2025-12-11,EURUSD,1.11545
2025-12-12,EURUSD,1.12154
2025-12-13,EURUSD,1.11015
2025-12-14,EURUSD,1.10827
2025-12-15,EURUSD,1.11431
2025-12-16,EURUSD,1.11168
2025-12-17,EURUSD,1.10985
2025-12-18,EURUSD,1.11524
2025-12-19,EURUSD,1.10459
2025-12-20,EURUSD,1.11235
2025-12-21,EURUSD,1.09828
2025-12-22,EURUSD,1.1045
2025-12-23,EURUSD,1.10612
2025-12-24,EURUSD,1.09011
2025-12-25,EURUSD,1.0868
2025-12-26,EURUSD,1.09736
2025-12-27,EURUSD,1.08912
2025-12-28,EURUSD,1.08645
2025-12-29,EURUSD,1.09739
2025-12-30,EURUSD,1.08577
2025-12-31,EURUSD,1.08784
2026-01-01,EURUSD,1.09362
2026-01-02,EURUSD,1.09266
2026-01-03,EURUSD,1.08012
2026-01-04,EURUSD,1.08899
2026-01-05,EURUSD,1.09298
2026-01-06,EURUSD,1.08203
2026-01-07,EURUSD,1.09288
2026-01-08,EURUSD,1.09316
2026-01-09,EURUSD,1.08287
2026-01-10,EURUSD,1.08676
2026-01-11,EURUSD,1.09201
2026-01-12,EURUSD,1.09162
2026-01-13,EURUSD,1.09274
2026-01-14,EURUSD,1.07937
2026-01-15,EURUSD,1.089
2026-01-16,EURUSD,1.08983
2026-01-17,EURUSD,1.09019
2026-01-18,EURUSD,1.08347
2026-01-19,EURUSD,1.07992
2026-01-20,EURUSD,1.08497
2026-01-21,EURUSD,1.06859
2026-01-22,EURUSD,1.06744
2026-01-23,EURUSD,1.07517
2026-01-24,EURUSD,1.06959
2026-01-25,EURUSD,1.07282
2026-01-26,EURUSD,1.0709
2026-01-27,EURUSD,1.06119
2026-01-28,EURUSD,1.05393
2026-01-29,EURUSD,1.05221
2026-01-30,EURUSD,1.05834
2026-01-31,EURUSD,1.04974
2026-02-01,EURUSD,1.03947
2026-02-02,EURUSD,1.04361
2026-02-03,EURUSD,1.03575
2026-02-04,EURUSD,1.03766
2026-02-05,EURUSD,1.03973
2026-02-06,EURUSD,1.03814
2026-02-07,EURUSD,1.03276
2026-02-08,EURUSD,1.03409
2026-02-09,EURUSD,1.02308
2026-02-10,EURUSD,1.03332
2026-02-11,EURUSD,1.0353
2026-02-12,EURUSD,1.03456
2026-02-13,EURUSD,1.03053
2026-02-14,EURUSD,1.03368
2026-02-15,EURUSD,1.02815
2026-02-16,EURUSD,1.03326
2026-02-17,EURUSD,1.04466
2026-02-18,EURUSD,1.03756
2026-02-19,EURUSD,1.05046
2026-02-20,EURUSD,1.04594
2026-02-21,EURUSD,1.0534
2026-02-22,EURUSD,1.05947
2026-02-23,EURUSD,1.05067
2026-02-24,EURUSD,1.05645
2026-02-25,EURUSD,1.07431
2026-02-26,EURUSD,1.07621
2026-02-27,EURUSD,1.07684
2026-02-28,EURUSD,1.07661
2026-03-01,EURUSD,1.08924
2026-03-02,EURUSD,1.08706
2026-03-03,EURUSD,1.09811
2026-03-04,EURUSD,1.09496
2026-03-05,EURUSD,1.11393
2026-03-06,EURUSD,1.11234
2026-03-07,EURUSD,1.11081
2026-03-08,EURUSD,1.12253
2026-03-09,EURUSD,1.11505
2026-03-10,EURUSD,1.12303
2026-03-11,EURUSD,1.12737
2026-03-12,EURUSD,1.12241
2026-03-13,EURUSD,1.12983
2026-03-14,EURUSD,1.12835
2026-03-15,EURUSD,1.13742
2026-03-16,EURUSD,1.13373
2026-03-17,EURUSD,1.12721
2026-03-18,EURUSD,1.13703
2026-03-19,EURUSD,1.13742
2026-03-20,EURUSD,1.12673
2026-03-21,EURUSD,1.1224
2026-03-22,EURUSD,1.11936
2026-03-23,EURUSD,1.12718
2026-03-24,EURUSD,1.1243
2026-03-25,EURUSD,1.11808
2026-03-26,EURUSD,1.10909
2026-03-27,EURUSD,1.11882
2026-03-28,EURUSD,1.10114
2026-03-29,EURUSD,1.11048
2026-03-30,EURUSD,1.09908
2026-03-31,EURUSD,1.10038
2026-04-01,EURUSD,1.09515
2026-04-02,EURUSD,1.08906
2026-04-03,EURUSD,1.09369
2026-04-04,EURUSD,1.0869
2026-04-05,EURUSD,1.08486
2026-04-06,EURUSD,1.07585
2026-04-07,EURUSD,1.0808
2026-04-08,EURUSD,1.08452
2026-04-09,EURUSD,1.07593
2026-04-10,EURUSD,1.08196
2026-04-11,EURUSD,1.07621
2026-04-12,EURUSD,1.07811
2026-04-13,EURUSD,1.07201
2026-04-14,EURUSD,1.0706
2026-04-15,EURUSD,1.07441
2026-04-16,EURUSD,1.0682
2026-04-17,EURUSD,1.07084
2026-04-18,EURUSD,1.07424
2026-04-19,EURUSD,1.0705
2026-04-20,EURUSD,1.07479
2026-04-21,EURUSD,1.07531
2026-04-22,EURUSD,1.07181
2026-04-23,EURUSD,1.06558
2026-04-24,EURUSD,1.06924
2026-04-25,EURUSD,1.06877
2026-04-26,EURUSD,1.07476
2026-04-27,EURUSD,1.07735
2026-04-28,EURUSD,1.07025
2026-04-29,EURUSD,1.07004
2026-04-30,EURUSD,1.07192
2026-05-01,EURUSD,1.06366
2026-05-02,EURUSD,1.06764
2026-05-03,EURUSD,1.05648
2026-05-04,EURUSD,1.06995
2026-05-05,EURUSD,1.06788
2026-05-06,EURUSD,1.06445
2026-05-07,EURUSD,1.05455
2026-05-08,EURUSD,1.04998
2026-05-09,EURUSD,1.05027
2025-08-23,GBPUSD,1.30477
2025-08-24,GBPUSD,1.31047
2025-08-25,GBPUSD,1.30535
2025-08-26,GBPUSD,1.31474
2025-08-27,GBPUSD,1.31114
2025-08-28,GBPUSD,1.31327
2025-08-29,GBPUSD,1.30826
2025-08-30,GBPUSD,1.30212
2025-08-31,GBPUSD,1.30512
2025-09-01,GBPUSD,1.30729
2025-09-02,GBPUSD,1.29634
2025-09-03,GBPUSD,1.2981
2025-09-04,GBPUSD,1.30164
2025-09-05,GBPUSD,1.31108
2025-09-06,GBPUSD,1.30433
2025-09-07,GBPUSD,1.29418
2025-09-08,GBPUSD,1.29518
2025-09-09,GBPUSD,1.28944
2025-09-10,GBPUSD,1.29532
2025-09-11,GBPUSD,1.3019
2025-09-12,GBPUSD,1.29957
2025-09-13,GBPUSD,1.28988
2025-09-14,GBPUSD,1.29484
2025-09-15,GBPUSD,1.2909
2025-09-16,GBPUSD,1.29699
2025-09-17,GBPUSD,1.28742
2025-09-18,GBPUSD,1.28273
2025-09-19,GBPUSD,1.29205
2025-09-20,GBPUSD,1.29419
2025-09-21,GBPUSD,1.28458
2025-09-22,GBPUSD,1.28942
2025-09-23,GBPUSD,1.28267
2025-09-24,GBPUSD,1.28258
2025-09-25,GBPUSD,1.28666
2025-09-26,GBPUSD,1.28345
2025-09-27,GBPUSD,1.29724
2025-09-28,GBPUSD,1.29244
2025-09-29,GBPUSD,1.2896
2025-09-30,GBPUSD,1.29854
2025-10-01,GBPUSD,1.29049
2025-10-02,GBPUSD,1.28508
2025-10-03,GBPUSD,1.28588
2025-10-04,GBPUSD,1.28217
2025-10-05,GBPUSD,1.28068
2025-10-06,GBPUSD,1.27729
2025-10-07,GBPUSD,1.28932
2025-10-08,GBPUSD,1.27173
2025-10-09,GBPUSD,1.2705
2025-10-10,GBPUSD,1.26741
2025-10-11,GBPUSD,1.27417
2025-10-12,GBPUSD,1.26396
2025-10-13,GBPUSD,1.2631
2025-10-14,GBPUSD,1.25812
2025-10-15,GBPUSD,1.25486
2025-10-16,GBPUSD,1.25336
2025-10-17,GBPUSD,1.24288
2025-10-18,GBPUSD,1.23594
2025-10-19,GBPUSD,1.23472
2025-10-20,GBPUSD,1.23805
2025-10-21,GBPUSD,1.2258
2025-10-22,GBPUSD,1.23179
2025-10-23,GBPUSD,1.21868
2025-10-24,GBPUSD,1.21262
2025-10-25,GBPUSD,1.22202
2025-10-26,GBPUSD,1.2136
2025-10-27,GBPUSD,1.20485
2025-10-28,GBPUSD,1.20615
2025-10-29,GBPUSD,1.20113
2025-10-30,GBPUSD,1.20502
2025-10-31,GBPUSD,1.20624
2025-11-01,GBPUSD,1.2037
2025-11-02,GBPUSD,1.20553
2025-11-03,GBPUSD,1.21508
2025-11-04,GBPUSD,1.21436
2025-11-05,GBPUSD,1.20396
2025-11-06,GBPUSD,1.21334
2025-11-07,GBPUSD,1.21995
2025-11-08,GBPUSD,1.22405
2025-11-09,GBPUSD,1.22725
2025-11-10,GBPUSD,1.23465
2025-11-11,GBPUSD,1.22474
2025-11-12,GBPUSD,1.22786
2025-11-13,GBPUSD,1.24102
2025-11-14,GBPUSD,1.24213
2025-11-15,GBPUSD,1.26018
2025-11-16,GBPUSD,1.24974
2025-11-17,GBPUSD,1.25704
2025-11-18,GBPUSD,1.26904
2025-11-19,GBPUSD,1.28227
2025-11-20,GBPUSD,1.27731
2025-11-21,GBPUSD,1.28711
2025-11-22,GBPUSD,1.2951
2025-11-23,GBPUSD,1.30448
2025-11-24,GBPUSD,1.29477
2025-11-25,GBPUSD,1.30751
2025-11-26,GBPUSD,1.29975
2025-11-27,GBPUSD,1.3029
2025-11-28,GBPUSD,1.31516
2025-11-29,GBPUSD,1.3169
2025-11-30,GBPUSD,1.31922
2025-12-01,GBPUSD,1.32974
2025-12-02,GBPUSD,1.32067
2025-12-03,GBPUSD,1.33312
2025-12-04,GBPUSD,1.31889
2025-12-05,GBPUSD,1.32846
2025-12-06,GBPUSD,1.33197
2025-12-07,GBPUSD,1.31371
2025-12-08,GBPUSD,1.31019
2025-12-09,GBPUSD,1.32288
2025-12-10,GBPUSD,1.31243
2025-12-11,GBPUSD,1.30823
2025-12-12,GBPUSD,1.32001
2025-12-13,GBPUSD,1.30429
2025-12-14,GBPUSD,1.30474
2025-12-15,GBPUSD,1.30937
2025-12-16,GBPUSD,1.30573
2025-12-17,GBPUSD,1.28817
2025-12-18,GBPUSD,1.2961
2025-12-19,GBPUSD,1.29822
2025-12-20,GBPUSD,1.28267
2025-12-21,GBPUSD,1.29311
2025-12-22,GBPUSD,1.29121
2025-12-23,GBPUSD,1.27708
2025-12-24,GBPUSD,1.27998
2025-12-25,GBPUSD,1.28479
2025-12-26,GBPUSD,1.28331
2025-12-27,GBPUSD,1.28399
2025-12-28,GBPUSD,1.26803
2025-12-29,GBPUSD,1.2795
2025-12-30,GBPUSD,1.28104
2025-12-31,GBPUSD,1.28242
2026-01-01,GBPUSD,1.27584
2026-01-02,GBPUSD,1.27334
2026-01-03,GBPUSD,1.28131
2026-01-04,GBPUSD,1.26424
2026-01-05,GBPUSD,1.26541
2026-01-06,GBPUSD,1.27731
2026-01-07,GBPUSD,1.27357
2026-01-08,GBPUSD,1.2804
2026-01-09,GBPUSD,1.28114
2026-01-10,GBPUSD,1.27251
2026-01-11,GBPUSD,1.26671
2026-01-12,GBPUSD,1.2674
2026-01-13,GBPUSD,1.27736
2026-01-14,GBPUSD,1.26929
2026-01-15,GBPUSD,1.25885
2026-01-16,GBPUSD,1.26551
2026-01-17,GBPUSD,1.25719
2026-01-18,GBPUSD,1.2603
2026-01-19,GBPUSD,1.26311
2026-01-20,GBPUSD,1.26098
2026-01-21,GBPUSD,1.25372
2026-01-22,GBPUSD,1.25405
2026-01-23,GBPUSD,1.23889
2026-01-24,GBPUSD,1.24892
2026-01-25,GBPUSD,1.24841
2026-01-26,GBPUSD,1.2441
2026-01-27,GBPUSD,1.23536
2026-01-28,GBPUSD,1.23481
2026-01-29,GBPUSD,1.2235
2026-01-30,GBPUSD,1.2245
2026-01-31,GBPUSD,1.2326
2026-02-01,GBPUSD,1.21864
2026-02-02,GBPUSD,1.22798
2026-02-03,GBPUSD,1.21684
2026-02-04,GBPUSD,1.21962
2026-02-05,GBPUSD,1.22078
2026-02-06,GBPUSD,1.20497
2026-02-07,GBPUSD,1.20612
2026-02-08,GBPUSD,1.22124
2026-02-09,GBPUSD,1.21847
2026-02-10,GBPUSD,1.21469
2026-02-11,GBPUSD,1.2104
2026-02-12,GBPUSD,1.22105
2026-02-13,GBPUSD,1.21566
2026-02-14,GBPUSD,1.22563
2026-02-15,GBPUSD,1.22039
2026-02-16,GBPUSD,1.24043
2026-02-17,GBPUSD,1.23825
2026-02-18,GBPUSD,1.23683
2026-02-19,GBPUSD,1.25083
2026-02-20,GBPUSD,1.24413
2026-02-21,GBPUSD,1.25532
2026-02-22,GBPUSD,1.26309
2026-02-23,GBPUSD,1.26104
2026-02-24,GBPUSD,1.27345
2026-02-25,GBPUSD,1.27637
2026-02-26,GBPUSD,1.2917
2026-02-27,GBPUSD,1.29297
2026-02-28,GBPUSD,1.29129
2026-03-01,GBPUSD,1.30861
2026-03-02,GBPUSD,1.31532
2026-03-03,GBPUSD,1.3093
2026-03-04,GBPUSD,1.31063
2026-03-05,GBPUSD,1.31339
2026-03-06,GBPUSD,1.32883
2026-03-07,GBPUSD,1.3315
2026-03-08,GBPUSD,1.32992
2026-03-09,GBPUSD,1.32467
2026-03-10,GBPUSD,1.3414
2026-03-11,GBPUSD,1.3248
2026-03-12,GBPUSD,1.34019
2026-03-13,GBPUSD,1.33001
2026-03-14,GBPUSD,1.33462
2026-03-15,GBPUSD,1.33071
2026-03-16,GBPUSD,1.32514
2026-03-17,GBPUSD,1.33201
2026-03-18,GBPUSD,1.32437
2026-03-19,GBPUSD,1.32193
2026-03-20,GBPUSD,1.31042
2026-03-21,GBPUSD,1.31541
2026-03-22,GBPUSD,1.3184
2026-03-23,GBPUSD,1.30599
2026-03-24,GBPUSD,1.31093
2026-03-25,GBPUSD,1.30128
2026-03-26,GBPUSD,1.30063
2026-03-27,GBPUSD,1.29015
2026-03-28,GBPUSD,1.2852
2026-03-29,GBPUSD,1.28645
2026-03-30,GBPUSD,1.27572
2026-03-31,GBPUSD,1.27563
2026-04-01,GBPUSD,1.27656
2026-04-02,GBPUSD,1.26919
2026-04-03,GBPUSD,1.27158
2026-04-04,GBPUSD,1.26977
2026-04-05,GBPUSD,1.26353
2026-04-06,GBPUSD,1.25444
2026-04-07,GBPUSD,1.25737
2026-04-08,GBPUSD,1.25582
2026-04-09,GBPUSD,1.26225
2026-04-10,GBPUSD,1.26507
2026-04-11,GBPUSD,1.25689
2026-04-12,GBPUSD,1.25717
2026-04-13,GBPUSD,1.26026
2026-04-14,GBPUSD,1.25173
2026-04-15,GBPUSD,1.25791
2026-04-16,GBPUSD,1.24647
2026-04-17,GBPUSD,1.2643
2026-04-18,GBPUSD,1.26394
2026-04-19,GBPUSD,1.26208
2026-04-20,GBPUSD,1.25258
2026-04-21,GBPUSD,1.24937
2026-04-22,GBPUSD,1.25188
2026-04-23,GBPUSD,1.25701
2026-04-24,GBPUSD,1.24561
2026-04-25,GBPUSD,1.25584
2026-04-26,GBPUSD,1.26214
2026-04-27,GBPUSD,1.26028
2026-04-28,GBPUSD,1.25116
2026-04-29,GBPUSD,1.24117
2026-04-30,GBPUSD,1.24426
2026-05-01,GBPUSD,1.24959
2026-05-02,GBPUSD,1.24827
2026-05-03,GBPUSD,1.24226
2026-05-04,GBPUSD,1.23768
2026-05-05,GBPUSD,1.2411
2026-05-06,GBPUSD,1.23448
2026-05-07,GBPUSD,1.2369
2026-05-08,GBPUSD,1.23468
2026-05-09,GBPUSD,1.23198
2025-08-23,USDJPY,155.804
2025-08-24,USDJPY,156.706
2025-08-25,USDJPY,157.634
2025-08-26,USDJPY,157.425
2025-08-27,USDJPY,156.265
2025-08-28,USDJPY,156.827
2025-08-29,USDJPY,156.258
2025-08-30,USDJPY,156.857
2025-08-31,USDJPY,155.522
2025-09-01,USDJPY,154.743
2025-09-02,USDJPY,155.626
2025-09-03,USDJPY,155.621
2025-09-04,USDJPY,154.191
2025-09-05,USDJPY,154.492
2025-09-06,USDJPY,153.406
2025-09-07,USDJPY,153.128
2025-09-08,USDJPY,153.363
2025-09-09,USDJPY,152.753
2025-09-10,USDJPY,154.196
2025-09-11,USDJPY,153.462
2025-09-12,USDJPY,153.001
2025-09-13,USDJPY,153.982
2025-09-14,USDJPY,152.994
2025-09-15,USDJPY,152.369
2025-09-16,USDJPY,152.531
2025-09-17,USDJPY,152.208
2025-09-18,USDJPY,152.196
2025-09-19,USDJPY,152.007
2025-09-20,USDJPY,153.699
2025-09-21,USDJPY,151.902
2025-09-22,USDJPY,152.091
2025-09-23,USDJPY,152.09
2025-09-24,USDJPY,153.3
2025-09-25,USDJPY,152.488
2025-09-26,USDJPY,152.815
2025-09-27,USDJPY,152.649
2025-09-28,USDJPY,152.69
2025-09-29,USDJPY,152.935
2025-09-30,USDJPY,152.067
2025-10-01,USDJPY,151.605
2025-10-02,USDJPY,151.811
2025-10-03,USDJPY,152.54
2025-10-04,USDJPY,151.305
2025-10-05,USDJPY,152.27
2025-10-06,USDJPY,150.818
2025-10-07,USDJPY,150.176
2025-10-08,USDJPY,151.383
2025-10-09,USDJPY,150.317
2025-10-10,USDJPY,149.14
2025-10-11,USDJPY,149.137
2025-10-12,USDJPY,148.284
2025-10-13,USDJPY,148.46
2025-10-14,USDJPY,148.237
2025-10-15,USDJPY,147.489
2025-10-16,USDJPY,147.215
2025-10-17,USDJPY,147.824
2025-10-18,USDJPY,147.13
2025-10-19,USDJPY,145.226
2025-10-20,USDJPY,145.675
2025-10-21,USDJPY,145.755
2025-10-22,USDJPY,145.511
2025-10-23,USDJPY,145.147
2025-10-24,USDJPY,145.274
2025-10-25,USDJPY,143.375
2025-10-26,USDJPY,143.025
2025-10-27,USDJPY,143.861
2025-10-28,USDJPY,143.329
2025-10-29,USDJPY,144.787
2025-10-30,USDJPY,143.018
2025-10-31,USDJPY,143.34
2025-11-01,USDJPY,144.254
2025-11-02,USDJPY,145.368
2025-11-03,USDJPY,144.491
2025-11-04,USDJPY,145.359
2025-11-05,USDJPY,146.1
2025-11-06,USDJPY,147.077
2025-11-07,USDJPY,145.98
2025-11-08,USDJPY,147.496
2025-11-09,USDJPY,146.779
2025-11-10,USDJPY,147.369
2025-11-11,USDJPY,149.065
2025-11-12,USDJPY,149.641
2025-11-13,USDJPY,150.349
2025-11-14,USDJPY,152.054
2025-11-15,USDJPY,151.573
2025-11-16,USDJPY,153.607
2025-11-17,USDJPY,152.604
2025-11-18,USDJPY,154.384
2025-11-19,USDJPY,155.488
2025-11-20,USDJPY,154.054
2025-11-21,USDJPY,154.343
2025-11-22,USDJPY,156.542
2025-11-23,USDJPY,155.991
2025-11-24,USDJPY,156.155
2025-11-25,USDJPY,158.201
2025-11-26,USDJPY,156.912
2025-11-27,USDJPY,157.518
2025-11-28,USDJPY,158.582
2025-11-29,USDJPY,158.589
2025-11-30,USDJPY,156.839
2025-12-01,USDJPY,158.127
2025-12-02,USDJPY,158.642
2025-12-03,USDJPY,156.929
2025-12-04,USDJPY,158.328
2025-12-05,USDJPY,158.152
2025-12-06,USDJPY,156.413
2025-12-07,USDJPY,156.699
2025-12-08,USDJPY,157.162
2025-12-09,USDJPY,156.806
2025-12-10,USDJPY,156.667
2025-12-11,USDJPY,154.464
2025-12-12,USDJPY,155.571
2025-12-13,USDJPY,155.443
2025-12-14,USDJPY,155.281
2025-12-15,USDJPY,154.147
2025-12-16,USDJPY,153.51
2025-12-17,USDJPY,154.14
2025-12-18,USDJPY,151.775
2025-12-19,USDJPY,151.624
2025-12-20,USDJPY,152.785
2025-12-21,USDJPY,152.104
2025-12-22,USDJPY,152.724
2025-12-23,USDJPY,152.657
2025-12-24,USDJPY,151.519
2025-12-25,USDJPY,150.765
2025-12-26,USDJPY,150.83
2025-12-27,USDJPY,152.046
2025-12-28,USDJPY,151.161
2025-12-29,USDJPY,150.038
2025-12-30,USDJPY,150.994
2025-12-31,USDJPY,150.202
2026-01-01,USDJPY,150.808
2026-01-02,USDJPY,151.411
2026-01-03,USDJPY,151.445
2026-01-04,USDJPY,150.88
2026-01-05,USDJPY,151.24
2026-01-06,USDJPY,149.734
2026-01-07,USDJPY,151.271
2026-01-08,USDJPY,151.525
2026-01-09,USDJPY,151.304
2026-01-10,USDJPY,150.52
2026-01-11,USDJPY,150.703
2026-01-12,USDJPY,149.537
2026-01-13,USDJPY,149.834
2026-01-14,USDJPY,150.955
2026-01-15,USDJPY,149.323
2026-01-16,USDJPY,150.493
2026-01-17,USDJPY,149.093
2026-01-18,USDJPY,149.34
2026-01-19,USDJPY,149.326
2026-01-20,USDJPY,147.177
2026-01-21,USDJPY,147.039
2026-01-22,USDJPY,148.54
2026-01-23,USDJPY,147.805
2026-01-24,USDJPY,146.894
2026-01-25,USDJPY,145.875
2026-01-26,USDJPY,146.61
2026-01-27,USDJPY,145.376
2026-01-28,USDJPY,145.948
2026-01-29,USDJPY,144.681
2026-01-30,USDJPY,146.388
2026-01-31,USDJPY,145.456
2026-02-01,USDJPY,144.616
2026-02-02,USDJPY,145.583
2026-02-03,USDJPY,144.154
2026-02-04,USDJPY,144.825
2026-02-05,USDJPY,145.126
2026-02-06,USDJPY,144.34
2026-02-07,USDJPY,145.257
2026-02-08,USDJPY,145.141
2026-02-09,USDJPY,146.495
2026-02-10,USDJPY,146.319
2026-02-11,USDJPY,145.881
2026-02-12,USDJPY,147.664
2026-02-13,USDJPY,148.327
2026-02-14,USDJPY,147.635
2026-02-15,USDJPY,147.852
2026-02-16,USDJPY,148.312
2026-02-17,USDJPY,150.286
2026-02-18,USDJPY,150.895
2026-02-19,USDJPY,151.098
2026-02-20,USDJPY,150.951
2026-02-21,USDJPY,153.379
2026-02-22,USDJPY,152.054
2026-02-23,USDJPY,154.454
2026-02-24,USDJPY,153.956
2026-02-25,USDJPY,155.205
2026-02-26,USDJPY,155.494
2026-02-27,USDJPY,155.605
2026-02-28,USDJPY,157.19
2026-03-01,USDJPY,157.068
2026-03-02,USDJPY,157.55
2026-03-03,USDJPY,156.93
2026-03-04,USDJPY,158.258
2026-03-05,USDJPY,159.32
2026-03-06,USDJPY,158.475
2026-03-07,USDJPY,159.687
2026-03-08,USDJPY,159.065
2026-03-09,USDJPY,159.478
2026-03-10,USDJPY,158.618
2026-03-11,USDJPY,158.364
2026-03-12,USDJPY,158.801
2026-03-13,USDJPY,157.685
2026-03-14,USDJPY,157.807
2026-03-15,USDJPY,157.983
2026-03-16,USDJPY,157.059
2026-03-17,USDJPY,157.275
2026-03-18,USDJPY,156.906
2026-03-19,USDJPY,155.931
2026-03-20,USDJPY,154.553
2026-03-21,USDJPY,154.609
2026-03-22,USDJPY,154.074
2026-03-23,USDJPY,154.484
2026-03-24,USDJPY,154.425
2026-03-25,USDJPY,153.008
2026-03-26,USDJPY,152.616
2026-03-27,USDJPY,152.563
2026-03-28,USDJPY,151.113
2026-03-29,USDJPY,151.453
2026-03-30,USDJPY,149.696
2026-03-31,USDJPY,151.48
2026-04-01,USDJPY,151.112
2026-04-02,USDJPY,150.602
2026-04-03,USDJPY,149.224
2026-04-04,USDJPY,148.642
2026-04-05,USDJPY,148.786
2026-04-06,USDJPY,149.289
2026-04-07,USDJPY,147.873
2026-04-08,USDJPY,149.072
2026-04-09,USDJPY,149.851
2026-04-10,USDJPY,149.702
2026-04-11,USDJPY,148.73
2026-04-12,USDJPY,147.687
2026-04-13,USDJPY,148.23
2026-04-14,USDJPY,149.067
2026-04-15,USDJPY,149.133
2026-04-16,USDJPY,148.652
2026-04-17,USDJPY,148.349
2026-04-18,USDJPY,149.006
2026-04-19,USDJPY,148.454
2026-04-20,USDJPY,148.976
2026-04-21,USDJPY,148.924
2026-04-22,USDJPY,148.791
2026-04-23,USDJPY,149.577
2026-04-24,USDJPY,148.665
2026-04-25,USDJPY,148.187
2026-04-26,USDJPY,148.38
2026-04-27,USDJPY,147.685
2026-04-28,USDJPY,148.07
2026-04-29,USDJPY,147.76
2026-04-30,USDJPY,147.794
2026-05-01,USDJPY,148.766
2026-05-02,USDJPY,147.838
2026-05-03,USDJPY,147.226
2026-05-04,USDJPY,146.822
2026-05-05,USDJPY,146.945
2026-05-06,USDJPY,147.475
2026-05-07,USDJPY,146.948
2026-05-08,USDJPY,147.635
2026-05-09,USDJPY,147.142
2025-08-23,USDCHF,0.92832
2025-08-24,USDCHF,0.93721
2025-08-25,USDCHF,0.93254
2025-08-26,USDCHF,0.92921
2025-08-27,USDCHF,0.93434
2025-08-28,USDCHF,0.92728
2025-08-29,USDCHF,0.9222
2025-08-30,USDCHF,0.92171
2025-08-31,USDCHF,0.91816
2025-09-01,USDCHF,0.91639
2025-09-02,USDCHF,0.91352
2025-09-03,USDCHF,0.92194
2025-09-04,USDCHF,0.90947
2025-09-05,USDCHF,0.909
2025-09-06,USDCHF,0.90753
2025-09-07,USDCHF,0.91343
2025-09-08,USDCHF,0.90748
2025-09-09,USDCHF,0.90854
2025-09-10,USDCHF,0.90692
2025-09-11,USDCHF,0.9068
2025-09-12,USDCHF,0.90817
2025-09-13,USDCHF,0.90322
2025-09-14,USDCHF,0.90097
2025-09-15,USDCHF,0.90298
2025-09-16,USDCHF,0.90839
2025-09-17,USDCHF,0.90236
2025-09-18,USDCHF,0.90969
2025-09-19,USDCHF,0.9028
2025-09-20,USDCHF,0.90092
2025-09-21,USDCHF,0.91031
2025-09-22,USDCHF,0.90615
2025-09-23,USDCHF,0.90138
2025-09-24,USDCHF,0.90373
2025-09-25,USDCHF,0.90092
2025-09-26,USDCHF,0.90431
2025-09-27,USDCHF,0.90519
2025-09-28,USDCHF,0.90272
2025-09-29,USDCHF,0.90298
2025-09-30,USDCHF,0.90844
2025-10-01,USDCHF,0.90564
2025-10-02,USDCHF,0.89509
2025-10-03,USDCHF,0.8987
2025-10-04,USDCHF,0.8997
2025-10-05,USDCHF,0.89833
2025-10-06,USDCHF,0.89583
2025-10-07,USDCHF,0.89596
2025-10-08,USDCHF,0.8832
2025-10-09,USDCHF,0.87959
2025-10-10,USDCHF,0.88287
2025-10-11,USDCHF,0.87737
2025-10-12,USDCHF,0.88366
2025-10-13,USDCHF,0.86992
2025-10-14,USDCHF,0.86862
2025-10-15,USDCHF,0.8706
2025-10-16,USDCHF,0.87349
2025-10-17,USDCHF,0.86423
2025-10-18,USDCHF,0.86526
2025-10-19,USDCHF,0.8654
2025-10-20,USDCHF,0.86684
2025-10-21,USDCHF,0.85608
2025-10-22,USDCHF,0.8607
2025-10-23,USDCHF,0.85239
2025-10-24,USDCHF,0.85185
2025-10-25,USDCHF,0.85786
2025-10-26,USDCHF,0.85764
2025-10-27,USDCHF,0.85846
2025-10-28,USDCHF,0.86529
2025-10-29,USDCHF,0.86003
2025-10-30,USDCHF,0.86944
2025-10-31,USDCHF,0.86209
2025-11-01,USDCHF,0.87091
2025-11-02,USDCHF,0.87638
2025-11-03,USDCHF,0.86803
2025-11-04,USDCHF,0.86986
2025-11-05,USDCHF,0.88295
2025-11-06,USDCHF,0.881
2025-11-07,USDCHF,0.88354
2025-11-08,USDCHF,0.89719
2025-11-09,USDCHF,0.89235
2025-11-10,USDCHF,0.89865
2025-11-11,USDCHF,0.90793
2025-11-12,USDCHF,0.91151
2025-11-13,USDCHF,0.9052
2025-11-14,USDCHF,0.91663
2025-11-15,USDCHF,0.92381
2025-11-16,USDCHF,0.9181
2025-11-17,USDCHF,0.93065
2025-11-18,USDCHF,0.934
2025-11-19,USDCHF,0.92803
2025-11-20,USDCHF,0.93396
2025-11-21,USDCHF,0.94082
2025-11-22,USDCHF,0.94259
2025-11-23,USDCHF,0.94543
2025-11-24,USDCHF,0.93548
2025-11-25,USDCHF,0.94525
2025-11-26,USDCHF,0.94719
2025-11-27,USDCHF,0.94855
2025-11-28,USDCHF,0.94356
2025-11-29,USDCHF,0.94119
2025-11-30,USDCHF,0.94617
2025-12-01,USDCHF,0.93235
2025-12-02,USDCHF,0.93172
2025-12-03,USDCHF,0.93875
2025-12-04,USDCHF,0.9341
2025-12-05,USDCHF,0.93709
2025-12-06,USDCHF,0.93554
2025-12-07,USDCHF,0.92716
2025-12-08,USDCHF,0.9209
2025-12-09,USDCHF,0.91946
2025-12-10,USDCHF,0.92487
2025-12-11,USDCHF,0.9174
2025-12-12,USDCHF,0.90845
2025-12-13,USDCHF,0.91207
2025-12-14,USDCHF,0.90518
2025-12-15,USDCHF,0.90679
2025-12-16,USDCHF,0.90849
2025-12-17,USDCHF,0.90692
2025-12-18,USDCHF,0.90196
2025-12-19,USDCHF,0.90275
2025-12-20,USDCHF,0.89265
2025-12-21,USDCHF,0.90094
2025-12-22,USDCHF,0.90186
2025-12-23,USDCHF,0.90023
2025-12-24,USDCHF,0.89552
2025-12-25,USDCHF,0.89684
2025-12-26,USDCHF,0.8904
2025-12-27,USDCHF,0.89292
2025-12-28,USDCHF,0.90058
2025-12-29,USDCHF,0.89203
2025-12-30,USDCHF,0.90039
2025-12-31,USDCHF,0.89353
2026-01-01,USDCHF,0.89665
2026-01-02,USDCHF,0.89828
2026-01-03,USDCHF,0.88709
2026-01-04,USDCHF,0.888
2026-01-05,USDCHF,0.8988
2026-01-06,USDCHF,0.89599
2026-01-07,USDCHF,0.89199
2026-01-08,USDCHF,0.88716
2026-01-09,USDCHF,0.89281
2026-01-10,USDCHF,0.88624
2026-01-11,USDCHF,0.89042
2026-01-12,USDCHF,0.8831
2026-01-13,USDCHF,0.89363
2026-01-14,USDCHF,0.88771
2026-01-15,USDCHF,0.88203
2026-01-16,USDCHF,0.887
2026-01-17,USDCHF,0.87704
2026-01-18,USDCHF,0.8795
2026-01-19,USDCHF,0.87937
2026-01-20,USDCHF,0.87232
2026-01-21,USDCHF,0.87525
2026-01-22,USDCHF,0.87166
2026-01-23,USDCHF,0.87663
2026-01-24,USDCHF,0.87219
2026-01-25,USDCHF,0.86603
2026-01-26,USDCHF,0.87289
2026-01-27,USDCHF,0.87298
2026-01-28,USDCHF,0.86506
2026-01-29,USDCHF,0.8625
2026-01-30,USDCHF,0.8614
2026-01-31,USDCHF,0.86915
2026-02-01,USDCHF,0.86911
2026-02-02,USDCHF,0.86693
2026-02-03,USDCHF,0.86301
2026-02-04,USDCHF,0.87406
2026-02-05,USDCHF,0.86406
2026-02-06,USDCHF,0.87558
2026-02-07,USDCHF,0.87106
2026-02-08,USDCHF,0.87686
2026-02-09,USDCHF,0.87767
2026-02-10,USDCHF,0.87794
2026-02-11,USDCHF,0.88701
2026-02-12,USDCHF,0.88692
2026-02-13,USDCHF,0.89073
2026-02-14,USDCHF,0.88877
2026-02-15,USDCHF,0.89831
2026-02-16,USDCHF,0.9068
2026-02-17,USDCHF,0.90486
2026-02-18,USDCHF,0.91505
2026-02-19,USDCHF,0.91508
2026-02-20,USDCHF,0.92138
2026-02-21,USDCHF,0.92058
2026-02-22,USDCHF,0.92348
2026-02-23,USDCHF,0.93059
2026-02-24,USDCHF,0.92869
2026-02-25,USDCHF,0.93412
2026-02-26,USDCHF,0.9399
2026-02-27,USDCHF,0.93906
2026-02-28,USDCHF,0.94492
2026-03-01,USDCHF,0.94711
2026-03-02,USDCHF,0.94542
2026-03-03,USDCHF,0.94096
2026-03-04,USDCHF,0.94491
2026-03-05,USDCHF,0.94491
2026-03-06,USDCHF,0.95033
2026-03-07,USDCHF,0.95247
2026-03-08,USDCHF,0.94579
2026-03-09,USDCHF,0.94498
2026-03-10,USDCHF,0.94582
2026-03-11,USDCHF,0.93753
2026-03-12,USDCHF,0.93989
2026-03-13,USDCHF,0.92879
2026-03-14,USDCHF,0.93925
2026-03-15,USDCHF,0.93596
2026-03-16,USDCHF,0.93143
2026-03-17,USDCHF,0.92122
2026-03-18,USDCHF,0.91566
2026-03-19,USDCHF,0.91433
2026-03-20,USDCHF,0.91498
2026-03-21,USDCHF,0.90375
2026-03-22,USDCHF,0.9084
2026-03-23,USDCHF,0.91039
2026-03-24,USDCHF,0.90673
2026-03-25,USDCHF,0.89815
2026-03-26,USDCHF,0.88926
2026-03-27,USDCHF,0.89006
2026-03-28,USDCHF,0.89276
2026-03-29,USDCHF,0.89102
2026-03-30,USDCHF,0.88624
2026-03-31,USDCHF,0.88277
2026-04-01,USDCHF,0.88529
2026-04-02,USDCHF,0.88088
2026-04-03,USDCHF,0.88314
2026-04-04,USDCHF,0.88227
2026-04-05,USDCHF,0.88121
2026-04-06,USDCHF,0.88585
2026-04-07,USDCHF,0.8807
2026-04-08,USDCHF,0.87836
2026-04-09,USDCHF,0.88022
2026-04-10,USDCHF,0.87699
2026-04-11,USDCHF,0.88034
2026-04-12,USDCHF,0.8797
2026-04-13,USDCHF,0.88121
2026-04-14,USDCHF,0.88837
2026-04-15,USDCHF,0.88423
2026-04-16,USDCHF,0.88195
2026-04-17,USDCHF,0.88086
2026-04-18,USDCHF,0.88285
2026-04-19,USDCHF,0.88717
2026-04-20,USDCHF,0.88497
2026-04-21,USDCHF,0.8899
2026-04-22,USDCHF,0.8875
2026-04-23,USDCHF,0.88503
2026-04-24,USDCHF,0.88127
2026-04-25,USDCHF,0.88978
2026-04-26,USDCHF,0.87654
2026-04-27,USDCHF,0.87936
2026-04-28,USDCHF,0.88642
2026-04-29,USDCHF,0.8761
2026-04-30,USDCHF,0.87721
2026-05-01,USDCHF,0.88421
2026-05-02,USDCHF,0.87767
2026-05-03,USDCHF,0.87836
2026-05-04,USDCHF,0.8795
2026-05-05,USDCHF,0.87252
2026-05-06,USDCHF,0.8735
2026-05-07,USDCHF,0.87822
2026-05-08,USDCHF,0.88076
2026-05-09,USDCHF,0.87418
2025-08-23,USDCAD,1.40569
2025-08-24,USDCAD,1.40191
2025-08-25,USDCAD,1.40005
2025-08-26,USDCAD,1.40013
2025-08-27,USDCAD,1.39019
2025-08-28,USDCAD,1.3842
2025-08-29,USDCAD,1.3846
2025-08-30,USDCAD,1.3901
2025-08-31,USDCAD,1.37808
2025-09-01,USDCAD,1.38652
2025-09-02,USDCAD,1.3734
2025-09-03,USDCAD,1.36811
2025-09-04,USDCAD,1.38014
2025-09-05,USDCAD,1.3719
2025-09-06,USDCAD,1.3631
2025-09-07,USDCAD,1.36543
2025-09-08,USDCAD,1.36035
2025-09-09,USDCAD,1.36506
2025-09-10,USDCAD,1.3664
2025-09-11,USDCAD,1.36311
2025-09-12,USDCAD,1.36436
2025-09-13,USDCAD,1.37391
2025-09-14,USDCAD,1.37135
2025-09-15,USDCAD,1.3574
2025-09-16,USDCAD,1.36525
2025-09-17,USDCAD,1.36943
2025-09-18,USDCAD,1.37024
2025-09-19,USDCAD,1.3695
2025-09-20,USDCAD,1.37291
2025-09-21,USDCAD,1.3566
2025-09-22,USDCAD,1.3543
2025-09-23,USDCAD,1.36256
2025-09-24,USDCAD,1.35713
2025-09-25,USDCAD,1.36977
2025-09-26,USDCAD,1.3511
2025-09-27,USDCAD,1.3514
2025-09-28,USDCAD,1.35645
2025-09-29,USDCAD,1.36252
2025-09-30,USDCAD,1.34916
2025-10-01,USDCAD,1.35136
2025-10-02,USDCAD,1.35163
2025-10-03,USDCAD,1.35338
2025-10-04,USDCAD,1.33551
2025-10-05,USDCAD,1.34104
2025-10-06,USDCAD,1.32585
2025-10-07,USDCAD,1.3222
2025-10-08,USDCAD,1.32813
2025-10-09,USDCAD,1.32387
2025-10-10,USDCAD,1.32071
2025-10-11,USDCAD,1.3263
2025-10-12,USDCAD,1.31296
2025-10-13,USDCAD,1.32166
2025-10-14,USDCAD,1.30459
2025-10-15,USDCAD,1.31179
2025-10-16,USDCAD,1.31371
2025-10-17,USDCAD,1.29489
2025-10-18,USDCAD,1.29136
2025-10-19,USDCAD,1.30455
2025-10-20,USDCAD,1.29564
2025-10-21,USDCAD,1.29361
2025-10-22,USDCAD,1.30808
2025-10-23,USDCAD,1.29597
2025-10-24,USDCAD,1.30051
2025-10-25,USDCAD,1.30984
2025-10-26,USDCAD,1.31146
2025-10-27,USDCAD,1.29952
2025-10-28,USDCAD,1.3137
2025-10-29,USDCAD,1.32244
2025-10-30,USDCAD,1.31344
2025-10-31,USDCAD,1.33131
2025-11-01,USDCAD,1.33674
2025-11-02,USDCAD,1.32956
2025-11-03,USDCAD,1.34012
2025-11-04,USDCAD,1.35275
2025-11-05,USDCAD,1.35874
2025-11-06,USDCAD,1.3669
2025-11-07,USDCAD,1.35711
2025-11-08,USDCAD,1.37644
2025-11-09,USDCAD,1.3849
2025-11-10,USDCAD,1.39291
2025-11-11,USDCAD,1.3919
2025-11-12,USDCAD,1.39495
2025-11-13,USDCAD,1.40909
2025-11-14,USDCAD,1.39525
2025-11-15,USDCAD,1.40106
2025-11-16,USDCAD,1.41837
2025-11-17,USDCAD,1.4179
2025-11-18,USDCAD,1.42879
2025-11-19,USDCAD,1.43247
2025-11-20,USDCAD,1.42526
2025-11-21,USDCAD,1.42079
2025-11-22,USDCAD,1.42323
2025-11-23,USDCAD,1.43575
2025-11-24,USDCAD,1.42768
2025-11-25,USDCAD,1.41665
2025-11-26,USDCAD,1.42459
2025-11-27,USDCAD,1.41545
2025-11-28,USDCAD,1.41895
2025-11-29,USDCAD,1.42196
2025-11-30,USDCAD,1.41924
2025-12-01,USDCAD,1.41064
2025-12-02,USDCAD,1.41049
2025-12-03,USDCAD,1.39284
2025-12-04,USDCAD,1.40347
2025-12-05,USDCAD,1.40221
2025-12-06,USDCAD,1.39666
2025-12-07,USDCAD,1.38613
2025-12-08,USDCAD,1.38477
2025-12-09,USDCAD,1.37134
2025-12-10,USDCAD,1.3717
2025-12-11,USDCAD,1.37997
2025-12-12,USDCAD,1.36351
2025-12-13,USDCAD,1.37308
2025-12-14,USDCAD,1.35965
2025-12-15,USDCAD,1.36169
2025-12-16,USDCAD,1.3618
2025-12-17,USDCAD,1.34283
2025-12-18,USDCAD,1.3426
2025-12-19,USDCAD,1.35769
2025-12-20,USDCAD,1.35264
2025-12-21,USDCAD,1.34621
2025-12-22,USDCAD,1.33896
2025-12-23,USDCAD,1.34791
2025-12-24,USDCAD,1.33881
2025-12-25,USDCAD,1.34629
2025-12-26,USDCAD,1.33669
2025-12-27,USDCAD,1.35441
2025-12-28,USDCAD,1.34745
2025-12-29,USDCAD,1.341
2025-12-30,USDCAD,1.35091
2025-12-31,USDCAD,1.33813
2026-01-01,USDCAD,1.34431
2026-01-02,USDCAD,1.34649
2026-01-03,USDCAD,1.33798
2026-01-04,USDCAD,1.34463
2026-01-05,USDCAD,1.34104
2026-01-06,USDCAD,1.35035
2026-01-07,USDCAD,1.34486
2026-01-08,USDCAD,1.33636
2026-01-09,USDCAD,1.34753
2026-01-10,USDCAD,1.34782
2026-01-11,USDCAD,1.33527
2026-01-12,USDCAD,1.33051
2026-01-13,USDCAD,1.3275
2026-01-14,USDCAD,1.3376
2026-01-15,USDCAD,1.3352
2026-01-16,USDCAD,1.32901
2026-01-17,USDCAD,1.31969
2026-01-18,USDCAD,1.3328
2026-01-19,USDCAD,1.31338
2026-01-20,USDCAD,1.32632
2026-01-21,USDCAD,1.3146
2026-01-22,USDCAD,1.31819
2026-01-23,USDCAD,1.31406
2026-01-24,USDCAD,1.309
2026-01-25,USDCAD,1.31695
2026-01-26,USDCAD,1.31128
2026-01-27,USDCAD,1.31145
2026-01-28,USDCAD,1.3033
2026-01-29,USDCAD,1.31223
2026-01-30,USDCAD,1.31986
2026-01-31,USDCAD,1.31266
2026-02-01,USDCAD,1.32349
2026-02-02,USDCAD,1.32011
2026-02-03,USDCAD,1.32632
2026-02-04,USDCAD,1.3229
2026-02-05,USDCAD,1.32545
2026-02-06,USDCAD,1.33472
2026-02-07,USDCAD,1.33176
2026-02-08,USDCAD,1.34003
2026-02-09,USDCAD,1.34952
2026-02-10,USDCAD,1.35024
2026-02-11,USDCAD,1.3613
2026-02-12,USDCAD,1.36778
2026-02-13,USDCAD,1.36929
2026-02-14,USDCAD,1.36739
2026-02-15,USDCAD,1.37827
2026-02-16,USDCAD,1.38391
2026-02-17,USDCAD,1.39798
2026-02-18,USDCAD,1.40766
2026-02-19,USDCAD,1.40459
2026-02-20,USDCAD,1.41042
2026-02-21,USDCAD,1.41887
2026-02-22,USDCAD,1.41366
2026-02-23,USDCAD,1.42446
2026-02-24,USDCAD,1.41472
2026-02-25,USDCAD,1.43764
2026-02-26,USDCAD,1.43932
2026-02-27,USDCAD,1.43871
2026-02-28,USDCAD,1.42883
2026-03-01,USDCAD,1.4256
2026-03-02,USDCAD,1.42839
2026-03-03,USDCAD,1.43371
2026-03-04,USDCAD,1.41974
2026-03-05,USDCAD,1.43003
2026-03-06,USDCAD,1.43547
2026-03-07,USDCAD,1.43129
2026-03-08,USDCAD,1.41862
2026-03-09,USDCAD,1.40476
2026-03-10,USDCAD,1.40553
2026-03-11,USDCAD,1.40864
2026-03-12,USDCAD,1.40414
2026-03-13,USDCAD,1.3943
2026-03-14,USDCAD,1.38604
2026-03-15,USDCAD,1.38671
2026-03-16,USDCAD,1.37618
2026-03-17,USDCAD,1.37575
2026-03-18,USDCAD,1.37022
2026-03-19,USDCAD,1.36422
2026-03-20,USDCAD,1.36696
2026-03-21,USDCAD,1.35458
2026-03-22,USDCAD,1.34661
2026-03-23,USDCAD,1.3452
2026-03-24,USDCAD,1.33623
2026-03-25,USDCAD,1.33753
2026-03-26,USDCAD,1.33304
2026-03-27,USDCAD,1.33214
2026-03-28,USDCAD,1.34014
2026-03-29,USDCAD,1.33148
2026-03-30,USDCAD,1.32606
2026-03-31,USDCAD,1.32288
2026-04-01,USDCAD,1.32474
2026-04-02,USDCAD,1.33055
2026-04-03,USDCAD,1.32699
2026-04-04,USDCAD,1.33454
2026-04-05,USDCAD,1.33147
2026-04-06,USDCAD,1.32864
2026-04-07,USDCAD,1.32417
2026-04-08,USDCAD,1.33842
2026-04-09,USDCAD,1.32018
2026-04-10,USDCAD,1.32628
2026-04-11,USDCAD,1.3389
2026-04-12,USDCAD,1.32534
2026-04-13,USDCAD,1.32906
2026-04-14,USDCAD,1.34168
2026-04-15,USDCAD,1.33365
2026-04-16,USDCAD,1.33644
2026-04-17,USDCAD,1.33971
2026-04-18,USDCAD,1.33034
2026-04-19,USDCAD,1.3328
2026-04-20,USDCAD,1.34062
2026-04-21,USDCAD,1.34474
2026-04-22,USDCAD,1.33453
2026-04-23,USDCAD,1.33759
2026-04-24,USDCAD,1.33296
2026-04-25,USDCAD,1.33122
2026-04-26,USDCAD,1.3358
2026-04-27,USDCAD,1.34142
2026-04-28,USDCAD,1.32347
2026-04-29,USDCAD,1.32343
2026-04-30,USDCAD,1.33731
2026-05-01,USDCAD,1.33742
2026-05-02,USDCAD,1.33473
2026-05-03,USDCAD,1.33638
2026-05-04,USDCAD,1.33315
2026-05-05,USDCAD,1.3244
2026-05-06,USDCAD,1.3294
2026-05-07,USDCAD,1.3243
2026-05-08,USDCAD,1.33276
2026-05-09,USDCAD,1.33384
2025-08-23,AUDUSD,0.68833
2025-08-24,AUDUSD,0.68779
2025-08-25,AUDUSD,0.68481
2025-08-26,AUDUSD,0.68403
2025-08-27,AUDUSD,0.68734
2025-08-28,AUDUSD,0.68458
2025-08-29,AUDUSD,0.67616
2025-08-30,AUDUSD,0.67866
2025-08-31,AUDUSD,0.67941
2025-09-01,AUDUSD,0.67859
2025-09-02,AUDUSD,0.67713
2025-09-03,AUDUSD,0.67789
2025-09-04,AUDUSD,0.66909
2025-09-05,AUDUSD,0.6674
2025-09-06,AUDUSD,0.67112
2025-09-07,AUDUSD,0.6683
2025-09-08,AUDUSD,0.67458
2025-09-09,AUDUSD,0.66565
2025-09-10,AUDUSD,0.66626
2025-09-11,AUDUSD,0.66941
2025-09-12,AUDUSD,0.67324
2025-09-13,AUDUSD,0.66764
2025-09-14,AUDUSD,0.66987
2025-09-15,AUDUSD,0.67126
2025-09-16,AUDUSD,0.67349
2025-09-17,AUDUSD,0.666
2025-09-18,AUDUSD,0.67022
2025-09-19,AUDUSD,0.66407
2025-09-20,AUDUSD,0.66367
2025-09-21,AUDUSD,0.66803
2025-09-22,AUDUSD,0.66719
2025-09-23,AUDUSD,0.66678
2025-09-24,AUDUSD,0.67065
2025-09-25,AUDUSD,0.66478
2025-09-26,AUDUSD,0.66986
2025-09-27,AUDUSD,0.66168
2025-09-28,AUDUSD,0.66556
2025-09-29,AUDUSD,0.66651
2025-09-30,AUDUSD,0.65668
2025-10-01,AUDUSD,0.65434
2025-10-02,AUDUSD,0.66018
2025-10-03,AUDUSD,0.65457
2025-10-04,AUDUSD,0.65216
2025-10-05,AUDUSD,0.6578
2025-10-06,AUDUSD,0.64981
2025-10-07,AUDUSD,0.64995
2025-10-08,AUDUSD,0.65226
2025-10-09,AUDUSD,0.65052
2025-10-10,AUDUSD,0.64191
2025-10-11,AUDUSD,0.64609
2025-10-12,AUDUSD,0.64744
2025-10-13,AUDUSD,0.64007
2025-10-14,AUDUSD,0.64575
2025-10-15,AUDUSD,0.64538
2025-10-16,AUDUSD,0.63898
2025-10-17,AUDUSD,0.64121
2025-10-18,AUDUSD,0.64451
2025-10-19,AUDUSD,0.6448
2025-10-20,AUDUSD,0.6463
2025-10-21,AUDUSD,0.63956
2025-10-22,AUDUSD,0.64679
2025-10-23,AUDUSD,0.64917
2025-10-24,AUDUSD,0.65165
2025-10-25,AUDUSD,0.65023
2025-10-26,AUDUSD,0.65105
2025-10-27,AUDUSD,0.6574
2025-10-28,AUDUSD,0.65105
2025-10-29,AUDUSD,0.65423
2025-10-30,AUDUSD,0.66314
2025-10-31,AUDUSD,0.6641
2025-11-01,AUDUSD,0.67072
2025-11-02,AUDUSD,0.6743
2025-11-03,AUDUSD,0.67305
2025-11-04,AUDUSD,0.67335
2025-11-05,AUDUSD,0.67716
2025-11-06,AUDUSD,0.68603
2025-11-07,AUDUSD,0.68525
2025-11-08,AUDUSD,0.68316
2025-11-09,AUDUSD,0.69032
2025-11-10,AUDUSD,0.68928
2025-11-11,AUDUSD,0.69442
2025-11-12,AUDUSD,0.69934
2025-11-13,AUDUSD,0.70139
2025-11-14,AUDUSD,0.70043
2025-11-15,AUDUSD,0.70353
2025-11-16,AUDUSD,0.6977
2025-11-17,AUDUSD,0.70583
2025-11-18,AUDUSD,0.70778
2025-11-19,AUDUSD,0.7073
2025-11-20,AUDUSD,0.70399
2025-11-21,AUDUSD,0.70503
2025-11-22,AUDUSD,0.69959
2025-11-23,AUDUSD,0.70086
2025-11-24,AUDUSD,0.70585
2025-11-25,AUDUSD,0.69786
2025-11-26,AUDUSD,0.70286
2025-11-27,AUDUSD,0.69579
2025-11-28,AUDUSD,0.69634
2025-11-29,AUDUSD,0.69562
2025-11-30,AUDUSD,0.68492
2025-12-01,AUDUSD,0.68357
2025-12-02,AUDUSD,0.68981
2025-12-03,AUDUSD,0.68565
2025-12-04,AUDUSD,0.68067
2025-12-05,AUDUSD,0.67521
2025-12-06,AUDUSD,0.67786
2025-12-07,AUDUSD,0.67142
2025-12-08,AUDUSD,0.67332
2025-12-09,AUDUSD,0.66673
2025-12-10,AUDUSD,0.67383
2025-12-11,AUDUSD,0.66875
2025-12-12,AUDUSD,0.66408
2025-12-13,AUDUSD,0.66765
2025-12-14,AUDUSD,0.66019
2025-12-15,AUDUSD,0.66228
2025-12-16,AUDUSD,0.6626
2025-12-17,AUDUSD,0.65786
2025-12-18,AUDUSD,0.66078
2025-12-19,AUDUSD,0.65888
2025-12-20,AUDUSD,0.66351
2025-12-21,AUDUSD,0.66107
2025-12-22,AUDUSD,0.65732
2025-12-23,AUDUSD,0.66341
2025-12-24,AUDUSD,0.6643
2025-12-25,AUDUSD,0.65897
2025-12-26,AUDUSD,0.65758
2025-12-27,AUDUSD,0.65713
2025-12-28,AUDUSD,0.66322
2025-12-29,AUDUSD,0.66314
2025-12-30,AUDUSD,0.66117
2025-12-31,AUDUSD,0.65759
2026-01-01,AUDUSD,0.66513
2026-01-02,AUDUSD,0.65634
2026-01-03,AUDUSD,0.6636
2026-01-04,AUDUSD,0.65838
2026-01-05,AUDUSD,0.66066
2026-01-06,AUDUSD,0.65888
2026-01-07,AUDUSD,0.65643
2026-01-08,AUDUSD,0.66029
2026-01-09,AUDUSD,0.65709
2026-01-10,AUDUSD,0.65658
2026-01-11,AUDUSD,0.65168
2026-01-12,AUDUSD,0.65506
2026-01-13,AUDUSD,0.65755
2026-01-14,AUDUSD,0.65243
2026-01-15,AUDUSD,0.65605
2026-01-16,AUDUSD,0.65242
2026-01-17,AUDUSD,0.65335
2026-01-18,AUDUSD,0.64939
2026-01-19,AUDUSD,0.64824
2026-01-20,AUDUSD,0.65026
2026-01-21,AUDUSD,0.64626
2026-01-22,AUDUSD,0.64769
2026-01-23,AUDUSD,0.64968
2026-01-24,AUDUSD,0.64749
2026-01-25,AUDUSD,0.65033
2026-01-26,AUDUSD,0.65107
2026-01-27,AUDUSD,0.6496
2026-01-28,AUDUSD,0.6467
2026-01-29,AUDUSD,0.65006
2026-01-30,AUDUSD,0.65118
2026-01-31,AUDUSD,0.65653
2026-02-01,AUDUSD,0.6601
2026-02-02,AUDUSD,0.65801
2026-02-03,AUDUSD,0.66042
2026-02-04,AUDUSD,0.6644
2026-02-05,AUDUSD,0.66234
2026-02-06,AUDUSD,0.66812
2026-02-07,AUDUSD,0.66462
2026-02-08,AUDUSD,0.67682
2026-02-09,AUDUSD,0.67937
2026-02-10,AUDUSD,0.68116
2026-02-11,AUDUSD,0.67884
2026-02-12,AUDUSD,0.67992
2026-02-13,AUDUSD,0.68413
2026-02-14,AUDUSD,0.68977
2026-02-15,AUDUSD,0.68629
2026-02-16,AUDUSD,0.69468
2026-02-17,AUDUSD,0.70087
2026-02-18,AUDUSD,0.70243
2026-02-19,AUDUSD,0.69982
2026-02-20,AUDUSD,0.69653
2026-02-21,AUDUSD,0.70042
2026-02-22,AUDUSD,0.7054
2026-02-23,AUDUSD,0.70642
2026-02-24,AUDUSD,0.70456
2026-02-25,AUDUSD,0.70325
2026-02-26,AUDUSD,0.70622
2026-02-27,AUDUSD,0.70321
2026-02-28,AUDUSD,0.70504
2026-03-01,AUDUSD,0.70392
2026-03-02,AUDUSD,0.70223
2026-03-03,AUDUSD,0.70468
2026-03-04,AUDUSD,0.69898
2026-03-05,AUDUSD,0.69519
2026-03-06,AUDUSD,0.69444
2026-03-07,AUDUSD,0.68945
2026-03-08,AUDUSD,0.68942
2026-03-09,AUDUSD,0.68612
2026-03-10,AUDUSD,0.68438
2026-03-11,AUDUSD,0.68695
2026-03-12,AUDUSD,0.68076
2026-03-13,AUDUSD,0.67605
2026-03-14,AUDUSD,0.67234
2026-03-15,AUDUSD,0.67108
2026-03-16,AUDUSD,0.67172
2026-03-17,AUDUSD,0.66759
2026-03-18,AUDUSD,0.66904
2026-03-19,AUDUSD,0.66518
2026-03-20,AUDUSD,0.66151
2026-03-21,AUDUSD,0.65714
2026-03-22,AUDUSD,0.66217
2026-03-23,AUDUSD,0.65127
2026-03-24,AUDUSD,0.65257
2026-03-25,AUDUSD,0.65725
2026-03-26,AUDUSD,0.64927
2026-03-27,AUDUSD,0.64999
2026-03-28,AUDUSD,0.65527
2026-03-29,AUDUSD,0.65068
2026-03-30,AUDUSD,0.65159
2026-03-31,AUDUSD,0.65295
2026-04-01,AUDUSD,0.64836
2026-04-02,AUDUSD,0.64973
2026-04-03,AUDUSD,0.6539
2026-04-04,AUDUSD,0.65643
2026-04-05,AUDUSD,0.65211
2026-04-06,AUDUSD,0.65439
2026-04-07,AUDUSD,0.653
2026-04-08,AUDUSD,0.65309
2026-04-09,AUDUSD,0.65633
2026-04-10,AUDUSD,0.66011
2026-04-11,AUDUSD,0.65227
2026-04-12,AUDUSD,0.65321
2026-04-13,AUDUSD,0.66096
2026-04-14,AUDUSD,0.66182
2026-04-15,AUDUSD,0.66119
2026-04-16,AUDUSD,0.66255
2026-04-17,AUDUSD,0.66134
2026-04-18,AUDUSD,0.65722
2026-04-19,AUDUSD,0.65972
2026-04-20,AUDUSD,0.657
2026-04-21,AUDUSD,0.66081
2026-04-22,AUDUSD,0.66073
2026-04-23,AUDUSD,0.65987
2026-04-24,AUDUSD,0.66129
2026-04-25,AUDUSD,0.66171
2026-04-26,AUDUSD,0.65652
2026-04-27,AUDUSD,0.65998
2026-04-28,AUDUSD,0.6608
2026-04-29,AUDUSD,0.65508
2026-04-30,AUDUSD,0.66125
2026-05-01,AUDUSD,0.65501
2026-05-02,AUDUSD,0.66144
2026-05-03,AUDUSD,0.65741
2026-05-04,AUDUSD,0.66089
2026-05-05,AUDUSD,0.661
2026-05-06,AUDUSD,0.66008
2026-05-07,AUDUSD,0.65667
2026-05-08,AUDUSD,0.66283
2026-05-09,AUDUSD,0.65998
2025-08-23,NZDUSD,0.61837
2025-08-24,NZDUSD,0.61751
2025-08-25,NZDUSD,0.61898
2025-08-26,NZDUSD,0.62109
2025-08-27,NZDUSD,0.61452
2025-08-28,NZDUSD,0.61525
2025-08-29,NZDUSD,0.61529
2025-08-30,NZDUSD,0.61621
2025-08-31,NZDUSD,0.60839
2025-09-01,NZDUSD,0.61142
2025-09-02,NZDUSD,0.60518
2025-09-03,NZDUSD,0.60434
2025-09-04,NZDUSD,0.60803
2025-09-05,NZDUSD,0.60717
2025-09-06,NZDUSD,0.60689
2025-09-07,NZDUSD,0.61069
2025-09-08,NZDUSD,0.60579
2025-09-09,NZDUSD,0.61105
2025-09-10,NZDUSD,0.60433
2025-09-11,NZDUSD,0.60877
2025-09-12,NZDUSD,0.61065
2025-09-13,NZDUSD,0.60273
2025-09-14,NZDUSD,0.60172
2025-09-15,NZDUSD,0.6083
2025-09-16,NZDUSD,0.60433
2025-09-17,NZDUSD,0.60329
2025-09-18,NZDUSD,0.60967
2025-09-19,NZDUSD,0.60335
2025-09-20,NZDUSD,0.60447
2025-09-21,NZDUSD,0.60749
2025-09-22,NZDUSD,0.60659
2025-09-23,NZDUSD,0.59913
2025-09-24,NZDUSD,0.6034
2025-09-25,NZDUSD,0.60484
2025-09-26,NZDUSD,0.59791
2025-09-27,NZDUSD,0.60294
2025-09-28,NZDUSD,0.60208
2025-09-29,NZDUSD,0.59537
2025-09-30,NZDUSD,0.59645
2025-10-01,NZDUSD,0.5983
2025-10-02,NZDUSD,0.59709
2025-10-03,NZDUSD,0.5968
2025-10-04,NZDUSD,0.5887
2025-10-05,NZDUSD,0.59328
2025-10-06,NZDUSD,0.59323
2025-10-07,NZDUSD,0.5931
2025-10-08,NZDUSD,0.58932
2025-10-09,NZDUSD,0.5875
2025-10-10,NZDUSD,0.5906
2025-10-11,NZDUSD,0.58229
2025-10-12,NZDUSD,0.58253
2025-10-13,NZDUSD,0.5879
2025-10-14,NZDUSD,0.58628
2025-10-15,NZDUSD,0.58976
2025-10-16,NZDUSD,0.59069
2025-10-17,NZDUSD,0.58758
2025-10-18,NZDUSD,0.58604
2025-10-19,NZDUSD,0.5878
2025-10-20,NZDUSD,0.59419
2025-10-21,NZDUSD,0.59249
2025-10-22,NZDUSD,0.58997
2025-10-23,NZDUSD,0.59574
2025-10-24,NZDUSD,0.59476
2025-10-25,NZDUSD,0.59943
2025-10-26,NZDUSD,0.60424
2025-10-27,NZDUSD,0.60691
2025-10-28,NZDUSD,0.60728
2025-10-29,NZDUSD,0.61148
2025-10-30,NZDUSD,0.6082
2025-10-31,NZDUSD,0.61736
2025-11-01,NZDUSD,0.62139
2025-11-02,NZDUSD,0.62352
2025-11-03,NZDUSD,0.62334
2025-11-04,NZDUSD,0.62716
2025-11-05,NZDUSD,0.62534
2025-11-06,NZDUSD,0.62959
2025-11-07,NZDUSD,0.63727
2025-11-08,NZDUSD,0.63324
2025-11-09,NZDUSD,0.64098
2025-11-10,NZDUSD,0.63766
2025-11-11,NZDUSD,0.6412
2025-11-12,NZDUSD,0.64346
2025-11-13,NZDUSD,0.63628
2025-11-14,NZDUSD,0.63756
2025-11-15,NZDUSD,0.64573
2025-11-16,NZDUSD,0.64393
2025-11-17,NZDUSD,0.64108
2025-11-18,NZDUSD,0.63747
2025-11-19,NZDUSD,0.64122
2025-11-20,NZDUSD,0.63606
2025-11-21,NZDUSD,0.63849
2025-11-22,NZDUSD,0.63256
2025-11-23,NZDUSD,0.63932
2025-11-24,NZDUSD,0.63424
2025-11-25,NZDUSD,0.62926
2025-11-26,NZDUSD,0.63185
2025-11-27,NZDUSD,0.62376
2025-11-28,NZDUSD,0.6245
2025-11-29,NZDUSD,0.62338
2025-11-30,NZDUSD,0.61736
2025-12-01,NZDUSD,0.61842
2025-12-02,NZDUSD,0.61487
2025-12-03,NZDUSD,0.61737
2025-12-04,NZDUSD,0.61325
2025-12-05,NZDUSD,0.60796
2025-12-06,NZDUSD,0.6118
2025-12-07,NZDUSD,0.6109
2025-12-08,NZDUSD,0.60439
2025-12-09,NZDUSD,0.60164
2025-12-10,NZDUSD,0.59988
2025-12-11,NZDUSD,0.60425
2025-12-12,NZDUSD,0.60316
2025-12-13,NZDUSD,0.60053
2025-12-14,NZDUSD,0.59664
2025-12-15,NZDUSD,0.60303
2025-12-16,NZDUSD,0.5948
2025-12-17,NZDUSD,0.60131
2025-12-18,NZDUSD,0.59668
2025-12-19,NZDUSD,0.59902
2025-12-20,NZDUSD,0.59784
2025-12-21,NZDUSD,0.59619
2025-12-22,NZDUSD,0.60038
2025-12-23,NZDUSD,0.59826
2025-12-24,NZDUSD,0.59866
2025-12-25,NZDUSD,0.5951
2025-12-26,NZDUSD,0.59914
2025-12-27,NZDUSD,0.60237
2025-12-28,NZDUSD,0.5986
2025-12-29,NZDUSD,0.60281
2025-12-30,NZDUSD,0.60028
2025-12-31,NZDUSD,0.60185
2026-01-01,NZDUSD,0.5988
2026-01-02,NZDUSD,0.59819
2026-01-03,NZDUSD,0.60036
2026-01-04,NZDUSD,0.59678
2026-01-05,NZDUSD,0.59803
2026-01-06,NZDUSD,0.59961
2026-01-07,NZDUSD,0.59711
2026-01-08,NZDUSD,0.59904
2026-01-09,NZDUSD,0.59883
2026-01-10,NZDUSD,0.59637
2026-01-11,NZDUSD,0.59242
2026-01-12,NZDUSD,0.59401
2026-01-13,NZDUSD,0.59338
2026-01-14,NZDUSD,0.59643
2026-01-15,NZDUSD,0.5977
2026-01-16,NZDUSD,0.59374
2026-01-17,NZDUSD,0.59376
2026-01-18,NZDUSD,0.59513
2026-01-19,NZDUSD,0.59105
2026-01-20,NZDUSD,0.59399
2026-01-21,NZDUSD,0.58871
2026-01-22,NZDUSD,0.59739
2026-01-23,NZDUSD,0.59763
2026-01-24,NZDUSD,0.59733
2026-01-25,NZDUSD,0.59361
2026-01-26,NZDUSD,0.59307
2026-01-27,NZDUSD,0.59547
2026-01-28,NZDUSD,0.59936
2026-01-29,NZDUSD,0.59559
2026-01-30,NZDUSD,0.6024
2026-01-31,NZDUSD,0.60759
2026-02-01,NZDUSD,0.60909
2026-02-02,NZDUSD,0.60727
2026-02-03,NZDUSD,0.60519
2026-02-04,NZDUSD,0.60964
2026-02-05,NZDUSD,0.61537
2026-02-06,NZDUSD,0.61795
2026-02-07,NZDUSD,0.61829
2026-02-08,NZDUSD,0.61936
2026-02-09,NZDUSD,0.62445
2026-02-10,NZDUSD,0.62446
2026-02-11,NZDUSD,0.62896
2026-02-12,NZDUSD,0.63099
2026-02-13,NZDUSD,0.63261
2026-02-14,NZDUSD,0.63807
2026-02-15,NZDUSD,0.63618
2026-02-16,NZDUSD,0.63601
2026-02-17,NZDUSD,0.63858
2026-02-18,NZDUSD,0.63717
2026-02-19,NZDUSD,0.64024
2026-02-20,NZDUSD,0.64011
2026-02-21,NZDUSD,0.64126
2026-02-22,NZDUSD,0.64625
2026-02-23,NZDUSD,0.64276
2026-02-24,NZDUSD,0.64039
2026-02-25,NZDUSD,0.63866
2026-02-26,NZDUSD,0.63894
2026-02-27,NZDUSD,0.64073
2026-02-28,NZDUSD,0.63763
2026-03-01,NZDUSD,0.63953
2026-03-02,NZDUSD,0.63603
2026-03-03,NZDUSD,0.63238
2026-03-04,NZDUSD,0.62775
2026-03-05,NZDUSD,0.6318
2026-03-06,NZDUSD,0.62037
2026-03-07,NZDUSD,0.62032
2026-03-08,NZDUSD,0.62323
2026-03-09,NZDUSD,0.61394
2026-03-10,NZDUSD,0.61272
2026-03-11,NZDUSD,0.61564
2026-03-12,NZDUSD,0.60917
2026-03-13,NZDUSD,0.6078
2026-03-14,NZDUSD,0.6068
2026-03-15,NZDUSD,0.60028
2026-03-16,NZDUSD,0.59931
2026-03-17,NZDUSD,0.60096
2026-03-18,NZDUSD,0.60118
2026-03-19,NZDUSD,0.59525
2026-03-20,NZDUSD,0.59548
2026-03-21,NZDUSD,0.59254
2026-03-22,NZDUSD,0.59112
2026-03-23,NZDUSD,0.59274
2026-03-24,NZDUSD,0.59503
2026-03-25,NZDUSD,0.58706
2026-03-26,NZDUSD,0.5872
2026-03-27,NZDUSD,0.59367
2026-03-28,NZDUSD,0.59416
2026-03-29,NZDUSD,0.5935
2026-03-30,NZDUSD,0.59482
2026-03-31,NZDUSD,0.59401
2026-04-01,NZDUSD,0.59073
2026-04-02,NZDUSD,0.59355
2026-04-03,NZDUSD,0.5918
2026-04-04,NZDUSD,0.59602
2026-04-05,NZDUSD,0.59682
2026-04-06,NZDUSD,0.59695
2026-04-07,NZDUSD,0.59919
2026-04-08,NZDUSD,0.60053
2026-04-09,NZDUSD,0.59673
2026-04-10,NZDUSD,0.60075
2026-04-11,NZDUSD,0.6023
2026-04-12,NZDUSD,0.59779
2026-04-13,NZDUSD,0.60401
2026-04-14,NZDUSD,0.59876
2026-04-15,NZDUSD,0.60493
2026-04-16,NZDUSD,0.60137
2026-04-17,NZDUSD,0.60451
2026-04-18,NZDUSD,0.60438
2026-04-19,NZDUSD,0.6031
2026-04-20,NZDUSD,0.59937
2026-04-21,NZDUSD,0.60418
2026-04-22,NZDUSD,0.60058
2026-04-23,NZDUSD,0.60113
2026-04-24,NZDUSD,0.60122
2026-04-25,NZDUSD,0.59785
2026-04-26,NZDUSD,0.59823
2026-04-27,NZDUSD,0.60191
2026-04-28,NZDUSD,0.60216
2026-04-29,NZDUSD,0.60001
2026-04-30,NZDUSD,0.60333
2026-05-01,NZDUSD,0.59988
2026-05-02,NZDUSD,0.60005
2026-05-03,NZDUSD,0.60128
2026-05-04,NZDUSD,0.60593
2026-05-05,NZDUSD,0.60536
2026-05-06,NZDUSD,0.60132
2026-05-07,NZDUSD,0.60397
2026-05-08,NZDUSD,0.60516
2026-05-09,NZDUSD,0.6107
2025-08-23,EURGBP,0.86424
2025-08-24,EURGBP,0.85264
2025-08-25,EURGBP,0.85687
2025-08-26,EURGBP,0.8576
2025-08-27,EURGBP,0.84475
2025-08-28,EURGBP,0.8418
2025-08-29,EURGBP,0.84966
2025-08-30,EURGBP,0.84301
2025-08-31,EURGBP,0.84072
2025-09-01,EURGBP,0.849
2025-09-02,EURGBP,0.83986
2025-09-03,EURGBP,0.84135
2025-09-04,EURGBP,0.84573
2025-09-05,EURGBP,0.84492
2025-09-06,EURGBP,0.83517
2025-09-07,EURGBP,0.84199
2025-09-08,EURGBP,0.84506
2025-09-09,EURGBP,0.83658
2025-09-10,EURGBP,0.84497
2025-09-11,EURGBP,0.84521
2025-09-12,EURGBP,0.83728
2025-09-13,EURGBP,0.84034
2025-09-14,EURGBP,0.84447
2025-09-15,EURGBP,0.84426
2025-09-16,EURGBP,0.84525
2025-09-17,EURGBP,0.83506
2025-09-18,EURGBP,0.84269
2025-09-19,EURGBP,0.84356
2025-09-20,EURGBP,0.84412
2025-09-21,EURGBP,0.83924
2025-09-22,EURGBP,0.83687
2025-09-23,EURGBP,0.84122
2025-09-24,EURGBP,0.82901
2025-09-25,EURGBP,0.82868
2025-09-26,EURGBP,0.83532
2025-09-27,EURGBP,0.83169
2025-09-28,EURGBP,0.83498
2025-09-29,EURGBP,0.83433
2025-09-30,EURGBP,0.82769
2025-10-01,EURGBP,0.82302
2025-10-02,EURGBP,0.82274
2025-10-03,EURGBP,0.82868
2025-10-04,EURGBP,0.82315
2025-10-05,EURGBP,0.81635
2025-10-06,EURGBP,0.82092
2025-10-07,EURGBP,0.8161
2025-10-08,EURGBP,0.81902
2025-10-09,EURGBP,0.82211
2025-10-10,EURGBP,0.82234
2025-10-11,EURGBP,0.81958
2025-10-12,EURGBP,0.82215
2025-10-13,EURGBP,0.81488
2025-10-14,EURGBP,0.82453
2025-10-15,EURGBP,0.82758
2025-10-16,EURGBP,0.82842
2025-10-17,EURGBP,0.82655
2025-10-18,EURGBP,0.83038
2025-10-19,EURGBP,0.82716
2025-10-20,EURGBP,0.8324
2025-10-21,EURGBP,0.84262
2025-10-22,EURGBP,0.83781
2025-10-23,EURGBP,0.84903
2025-10-24,EURGBP,0.84603
2025-10-25,EURGBP,0.85259
2025-10-26,EURGBP,0.85787
2025-10-27,EURGBP,0.85095
2025-10-28,EURGBP,0.85568
2025-10-29,EURGBP,0.87003
2025-10-30,EURGBP,0.87129
2025-10-31,EURGBP,0.87137
2025-11-01,EURGBP,0.87058
2025-11-02,EURGBP,0.88003
2025-11-03,EURGBP,0.87737
2025-11-04,EURGBP,0.88522
2025-11-05,EURGBP,0.8815
2025-11-06,EURGBP,0.89543
2025-11-07,EURGBP,0.89271
2025-11-08,EURGBP,0.88995
2025-11-09,EURGBP,0.89769
2025-11-10,EURGBP,0.89
2025-11-11,EURGBP,0.89459
2025-11-12,EURGBP,0.89621
2025-11-13,EURGBP,0.89041
2025-11-14,EURGBP,0.89442
2025-11-15,EURGBP,0.89136
2025-11-16,EURGBP,0.89663
2025-11-17,EURGBP,0.89187
2025-11-18,EURGBP,0.88494
2025-11-19,EURGBP,0.89087
2025-11-20,EURGBP,0.88946
2025-11-21,EURGBP,0.87948
2025-11-22,EURGBP,0.87457
2025-11-23,EURGBP,0.87076
2025-11-24,EURGBP,0.8755
2025-11-25,EURGBP,0.87202
2025-11-26,EURGBP,0.86608
2025-11-27,EURGBP,0.85812
2025-11-28,EURGBP,0.86475
2025-11-29,EURGBP,0.85033
2025-11-30,EURGBP,0.85689
2025-12-01,EURGBP,0.84755
2025-12-02,EURGBP,0.84814
2025-12-03,EURGBP,0.84379
2025-12-04,EURGBP,0.83889
2025-12-05,EURGBP,0.84235
2025-12-06,EURGBP,0.8371
2025-12-07,EURGBP,0.83559
2025-12-08,EURGBP,0.82879
2025-12-09,EURGBP,0.83281
2025-12-10,EURGBP,0.83595
2025-12-11,EURGBP,0.82966
2025-12-12,EURGBP,0.83468
2025-12-13,EURGBP,0.83065
2025-12-14,EURGBP,0.83256
2025-12-15,EURGBP,0.82832
2025-12-16,EURGBP,0.82773
2025-12-17,EURGBP,0.83119
2025-12-18,EURGBP,0.82691
2025-12-19,EURGBP,0.82948
2025-12-20,EURGBP,0.83267
2025-12-21,EURGBP,0.83032
2025-12-22,EURGBP,0.83422
2025-12-23,EURGBP,0.83519
2025-12-24,EURGBP,0.83305
2025-12-25,EURGBP,0.82879
2025-12-26,EURGBP,0.83223
2025-12-27,EURGBP,0.83247
2025-12-28,EURGBP,0.83777
2025-12-29,EURGBP,0.84043
2025-12-30,EURGBP,0.83555
2025-12-31,EURGBP,0.83606
2026-01-01,EURGBP,0.83824
2026-01-02,EURGBP,0.8325
2026-01-03,EURGBP,0.83637
2026-01-04,EURGBP,0.82841
2026-01-05,EURGBP,0.8398
2026-01-06,EURGBP,0.83902
2026-01-07,EURGBP,0.83721
2026-01-08,EURGBP,0.83035
2026-01-09,EURGBP,0.82769
2026-01-10,EURGBP,0.8289
2026-01-11,EURGBP,0.83194
2026-01-12,EURGBP,0.82419
2026-01-13,EURGBP,0.83091
2026-01-14,EURGBP,0.83525
2026-01-15,EURGBP,0.8344
2026-01-16,EURGBP,0.829
2026-01-17,EURGBP,0.82327
2026-01-18,EURGBP,0.82649
2026-01-19,EURGBP,0.8315
2026-01-20,EURGBP,0.83239
2026-01-21,EURGBP,0.83044
2026-01-22,EURGBP,0.82971
2026-01-23,EURGBP,0.83462
2026-01-24,EURGBP,0.83304
2026-01-25,EURGBP,0.83779
2026-01-26,EURGBP,0.83961
2026-01-27,EURGBP,0.84128
2026-01-28,EURGBP,0.84845
2026-01-29,EURGBP,0.84628
2026-01-30,EURGBP,0.84683
2026-01-31,EURGBP,0.85146
2026-02-01,EURGBP,0.8512
2026-02-02,EURGBP,0.85735
2026-02-03,EURGBP,0.85963
2026-02-04,EURGBP,0.86401
2026-02-05,EURGBP,0.87395
2026-02-06,EURGBP,0.87276
2026-02-07,EURGBP,0.87333
2026-02-08,EURGBP,0.87501
2026-02-09,EURGBP,0.87965
2026-02-10,EURGBP,0.88653
2026-02-11,EURGBP,0.88677
2026-02-12,EURGBP,0.894
2026-02-13,EURGBP,0.89369
2026-02-14,EURGBP,0.8931
2026-02-15,EURGBP,0.89096
2026-02-16,EURGBP,0.90098
2026-02-17,EURGBP,0.88871
2026-02-18,EURGBP,0.89241
2026-02-19,EURGBP,0.9001
2026-02-20,EURGBP,0.88983
2026-02-21,EURGBP,0.89082
2026-02-22,EURGBP,0.89744
2026-02-23,EURGBP,0.88995
2026-02-24,EURGBP,0.88942
2026-02-25,EURGBP,0.88899
2026-02-26,EURGBP,0.87998
2026-02-27,EURGBP,0.87865
2026-02-28,EURGBP,0.8807
2026-03-01,EURGBP,0.8802
2026-03-02,EURGBP,0.87028
2026-03-03,EURGBP,0.86899
2026-03-04,EURGBP,0.8627
2026-03-05,EURGBP,0.85832
2026-03-06,EURGBP,0.85805
2026-03-07,EURGBP,0.85849
2026-03-08,EURGBP,0.84397
2026-03-09,EURGBP,0.84099
2026-03-10,EURGBP,0.84695
2026-03-11,EURGBP,0.84428
2026-03-12,EURGBP,0.83998
2026-03-13,EURGBP,0.83853
2026-03-14,EURGBP,0.83415
2026-03-15,EURGBP,0.82647
2026-03-16,EURGBP,0.82749
2026-03-17,EURGBP,0.82233
2026-03-18,EURGBP,0.82569
2026-03-19,EURGBP,0.82455
2026-03-20,EURGBP,0.82277
2026-03-21,EURGBP,0.82416
2026-03-22,EURGBP,0.8246
2026-03-23,EURGBP,0.81831
2026-03-24,EURGBP,0.82304
2026-03-25,EURGBP,0.82468
2026-03-26,EURGBP,0.81831
2026-03-27,EURGBP,0.8269
2026-03-28,EURGBP,0.82005
2026-03-29,EURGBP,0.82908
2026-03-30,EURGBP,0.82499
2026-03-31,EURGBP,0.83026
2026-04-01,EURGBP,0.8312
2026-04-02,EURGBP,0.8307
2026-04-03,EURGBP,0.82688
2026-04-04,EURGBP,0.8349
2026-04-05,EURGBP,0.83133
2026-04-06,EURGBP,0.83346
2026-04-07,EURGBP,0.8349
2026-04-08,EURGBP,0.83146
2026-04-09,EURGBP,0.83309
2026-04-10,EURGBP,0.83917
2026-04-11,EURGBP,0.84031
2026-04-12,EURGBP,0.83787
2026-04-13,EURGBP,0.84287
2026-04-14,EURGBP,0.83816
2026-04-15,EURGBP,0.83825
2026-04-16,EURGBP,0.83956
2026-04-17,EURGBP,0.84538
2026-04-18,EURGBP,0.84365
2026-04-19,EURGBP,0.83684
2026-04-20,EURGBP,0.8391
2026-04-21,EURGBP,0.83911
2026-04-22,EURGBP,0.84494
2026-04-23,EURGBP,0.8405
2026-04-24,EURGBP,0.83559
2026-04-25,EURGBP,0.84434
2026-04-26,EURGBP,0.8361
2026-04-27,EURGBP,0.84111
2026-04-28,EURGBP,0.83682
2026-04-29,EURGBP,0.84688
2026-04-30,EURGBP,0.84583
2026-05-01,EURGBP,0.8489
2026-05-02,EURGBP,0.84277
2026-05-03,EURGBP,0.85051
2026-05-04,EURGBP,0.84824
2026-05-05,EURGBP,0.84581
2026-05-06,EURGBP,0.85531
2026-05-07,EURGBP,0.85078
2026-05-08,EURGBP,0.85278
2026-05-09,EURGBP,0.86107
2025-08-23,EURJPY,162.385
2025-08-24,EURJPY,163.64
2025-08-25,EURJPY,163.348
2025-08-26,EURJPY,161.523
2025-08-27,EURJPY,161.862
2025-08-28,EURJPY,162.453
2025-08-29,EURJPY,162.259
2025-08-30,EURJPY,162.345
2025-08-31,EURJPY,160.335
2025-09-01,EURJPY,161.799
2025-09-02,EURJPY,162.011
2025-09-03,EURJPY,162.209
2025-09-04,EURJPY,161.402
2025-09-05,EURJPY,161.115
2025-09-06,EURJPY,162.155
2025-09-07,EURJPY,160.029
2025-09-08,EURJPY,160.213
2025-09-09,EURJPY,161.76
2025-09-10,EURJPY,161.329
2025-09-11,EURJPY,162.241
2025-09-12,EURJPY,162.385
2025-09-13,EURJPY,161.346
2025-09-14,EURJPY,160.67
2025-09-15,EURJPY,160.822
2025-09-16,EURJPY,162.159
2025-09-17,EURJPY,161.214
2025-09-18,EURJPY,159.975
2025-09-19,EURJPY,160.917
2025-09-20,EURJPY,159.965
2025-09-21,EURJPY,160.475
2025-09-22,EURJPY,160.96
2025-09-23,EURJPY,160.826
2025-09-24,EURJPY,160.048
2025-09-25,EURJPY,160.251
2025-09-26,EURJPY,158.483
2025-09-27,EURJPY,159.951
2025-09-28,EURJPY,160.081
2025-09-29,EURJPY,159.737
2025-09-30,EURJPY,158.832
2025-10-01,EURJPY,158.989
2025-10-02,EURJPY,157.769
2025-10-03,EURJPY,158.144
2025-10-04,EURJPY,159.445
2025-10-05,EURJPY,157.897
2025-10-06,EURJPY,159.375
2025-10-07,EURJPY,158.196
2025-10-08,EURJPY,158.828
2025-10-09,EURJPY,159.249
2025-10-10,EURJPY,157.452
2025-10-11,EURJPY,157.862
2025-10-12,EURJPY,160.097
2025-10-13,EURJPY,159.982
2025-10-14,EURJPY,159.719
2025-10-15,EURJPY,159.375
2025-10-16,EURJPY,160.983
2025-10-17,EURJPY,160.458
2025-10-18,EURJPY,161.94
2025-10-19,EURJPY,161.39
2025-10-20,EURJPY,164.161
2025-10-21,EURJPY,163.966
2025-10-22,EURJPY,163.843
2025-10-23,EURJPY,165.735
2025-10-24,EURJPY,164.853
2025-10-25,EURJPY,166.313
2025-10-26,EURJPY,167.287
2025-10-27,EURJPY,166.929
2025-10-28,EURJPY,168.457
2025-10-29,EURJPY,168.695
2025-10-30,EURJPY,170.545
2025-10-31,EURJPY,170.507
2025-11-01,EURJPY,170.056
2025-11-02,EURJPY,172.079
2025-11-03,EURJPY,172.68
2025-11-04,EURJPY,171.59
2025-11-05,EURJPY,171.447
2025-11-06,EURJPY,171.475
2025-11-07,EURJPY,173.141
2025-11-08,EURJPY,173.129
2025-11-09,EURJPY,172.558
2025-11-10,EURJPY,171.507
2025-11-11,EURJPY,173.299
2025-11-12,EURJPY,170.786
2025-11-13,EURJPY,172.402
2025-11-14,EURJPY,170.734
2025-11-15,EURJPY,170.976
2025-11-16,EURJPY,170.138
2025-11-17,EURJPY,169.103
2025-11-18,EURJPY,169.672
2025-11-19,EURJPY,168.412
2025-11-20,EURJPY,167.833
2025-11-21,EURJPY,166.128
2025-11-22,EURJPY,166.536
2025-11-23,EURJPY,166.714
2025-11-24,EURJPY,164.968
2025-11-25,EURJPY,165.441
2025-11-26,EURJPY,164.096
2025-11-27,EURJPY,163.911
2025-11-28,EURJPY,162.511
2025-11-29,EURJPY,161.831
2025-11-30,EURJPY,161.955
2025-12-01,EURJPY,160.591
2025-12-02,EURJPY,160.586
2025-12-03,EURJPY,160.729
2025-12-04,EURJPY,159.843
2025-12-05,EURJPY,160.203
2025-12-06,EURJPY,160.046
2025-12-07,EURJPY,159.344
2025-12-08,EURJPY,158.292
2025-12-09,EURJPY,158.765
2025-12-10,EURJPY,158.681
2025-12-11,EURJPY,159.612
2025-12-12,EURJPY,160.093
2025-12-13,EURJPY,159.186
2025-12-14,EURJPY,159.353
2025-12-15,EURJPY,159.878
2025-12-16,EURJPY,158.93
2025-12-17,EURJPY,159.85
2025-12-18,EURJPY,158.531
2025-12-19,EURJPY,160.937
2025-12-20,EURJPY,161.029
2025-12-21,EURJPY,160.928
2025-12-22,EURJPY,159.853
2025-12-23,EURJPY,159.58
2025-12-24,EURJPY,160.037
2025-12-25,EURJPY,160.832
2025-12-26,EURJPY,159.511
2025-12-27,EURJPY,160.96
2025-12-28,EURJPY,161.912
2025-12-29,EURJPY,161.818
2025-12-30,EURJPY,160.794
2025-12-31,EURJPY,159.658
2026-01-01,EURJPY,160.208
2026-01-02,EURJPY,161.05
2026-01-03,EURJPY,161.04
2026-01-04,EURJPY,160.429
2026-01-05,EURJPY,160.005
2026-01-06,EURJPY,160.62
2026-01-07,EURJPY,159.939
2026-01-08,EURJPY,160.431
2026-01-09,EURJPY,160.328
2026-01-10,EURJPY,160.165
2026-01-11,EURJPY,161.024
2026-01-12,EURJPY,160.095
2026-01-13,EURJPY,159.676
2026-01-14,EURJPY,160.027
2026-01-15,EURJPY,159.469
2026-01-16,EURJPY,160.129
2026-01-17,EURJPY,160.09
2026-01-18,EURJPY,160.478
2026-01-19,EURJPY,161.938
2026-01-20,EURJPY,161.381
2026-01-21,EURJPY,161.213
2026-01-22,EURJPY,161.312
2026-01-23,EURJPY,162.027
2026-01-24,EURJPY,163.228
2026-01-25,EURJPY,163.283
2026-01-26,EURJPY,164.707
2026-01-27,EURJPY,164.823
2026-01-28,EURJPY,164.969
2026-01-29,EURJPY,164.907
2026-01-30,EURJPY,167.18
2026-01-31,EURJPY,165.39
2026-02-01,EURJPY,166.639
2026-02-02,EURJPY,168.706
2026-02-03,EURJPY,167.465
2026-02-04,EURJPY,168.39
2026-02-05,EURJPY,170.431
2026-02-06,EURJPY,169.83
2026-02-07,EURJPY,170.581
2026-02-08,EURJPY,171.366
2026-02-09,EURJPY,170.501
2026-02-10,EURJPY,171.114
2026-02-11,EURJPY,172.376
2026-02-12,EURJPY,173.12
2026-02-13,EURJPY,171.971
2026-02-14,EURJPY,172.478
2026-02-15,EURJPY,171.939
2026-02-16,EURJPY,171.713
2026-02-17,EURJPY,172.241
2026-02-18,EURJPY,172.84
2026-02-19,EURJPY,170.339
2026-02-20,EURJPY,170.079
2026-02-21,EURJPY,171.539
2026-02-22,EURJPY,171.162
2026-02-23,EURJPY,170.361
2026-02-24,EURJPY,170.049
2026-02-25,EURJPY,169.053
2026-02-26,EURJPY,167.302
2026-02-27,EURJPY,167.232
2026-02-28,EURJPY,165.839
2026-03-01,EURJPY,166.092
2026-03-02,EURJPY,165.377
2026-03-03,EURJPY,164.478
2026-03-04,EURJPY,164.167
2026-03-05,EURJPY,163.628
2026-03-06,EURJPY,161.73
2026-03-07,EURJPY,161.992
2026-03-08,EURJPY,161.633
2026-03-09,EURJPY,159.708
2026-03-10,EURJPY,160.712
2026-03-11,EURJPY,158.731
2026-03-12,EURJPY,159.851
2026-03-13,EURJPY,158.47
2026-03-14,EURJPY,158.929
2026-03-15,EURJPY,158.6
2026-03-16,EURJPY,158.047
2026-03-17,EURJPY,156.921
2026-03-18,EURJPY,158.098
2026-03-19,EURJPY,157.137
2026-03-20,EURJPY,157.317
2026-03-21,EURJPY,157.426
2026-03-22,EURJPY,156.674
2026-03-23,EURJPY,156.936
2026-03-24,EURJPY,158.093
2026-03-25,EURJPY,158.37
2026-03-26,EURJPY,158.022
2026-03-27,EURJPY,159.119
2026-03-28,EURJPY,158.422
2026-03-29,EURJPY,158.664
2026-03-30,EURJPY,159.162
2026-03-31,EURJPY,160.538
2026-04-01,EURJPY,160.493
2026-04-02,EURJPY,159.486
2026-04-03,EURJPY,160.204
2026-04-04,EURJPY,160.486
2026-04-05,EURJPY,161.866
2026-04-06,EURJPY,161.26
2026-04-07,EURJPY,160.532
2026-04-08,EURJPY,162.398
2026-04-09,EURJPY,160.958
2026-04-10,EURJPY,162.025
2026-04-11,EURJPY,161.256
2026-04-12,EURJPY,163.204
2026-04-13,EURJPY,162.961
2026-04-14,EURJPY,163.462
2026-04-15,EURJPY,162.142
2026-04-16,EURJPY,163.438
2026-04-17,EURJPY,162.766
2026-04-18,EURJPY,162.023
2026-04-19,EURJPY,163.523
2026-04-20,EURJPY,162.307
2026-04-21,EURJPY,162.311
2026-04-22,EURJPY,163.489
2026-04-23,EURJPY,162.517
2026-04-24,EURJPY,163.686
2026-04-25,EURJPY,161.537
2026-04-26,EURJPY,161.653
2026-04-27,EURJPY,162.377
2026-04-28,EURJPY,162.111
2026-04-29,EURJPY,163.981
2026-04-30,EURJPY,162.898
2026-05-01,EURJPY,164.814
2026-05-02,EURJPY,164.297
2026-05-03,EURJPY,165.023
2026-05-04,EURJPY,164.631
2026-05-05,EURJPY,164.203
2026-05-06,EURJPY,164.613
2026-05-07,EURJPY,164.98
2026-05-08,EURJPY,165.508
2026-05-09,EURJPY,165.79
2025-08-23,EURCHF,0.96074
2025-08-24,EURCHF,0.95646
2025-08-25,EURCHF,0.96044
2025-08-26,EURCHF,0.96014
2025-08-27,EURCHF,0.95317
2025-08-28,EURCHF,0.94865
2025-08-29,EURCHF,0.94933
2025-08-30,EURCHF,0.95729
2025-08-31,EURCHF,0.95204
2025-09-01,EURCHF,0.94532
2025-09-02,EURCHF,0.95171
2025-09-03,EURCHF,0.9471
2025-09-04,EURCHF,0.95132
2025-09-05,EURCHF,0.95554
2025-09-06,EURCHF,0.95619
2025-09-07,EURCHF,0.95307
2025-09-08,EURCHF,0.9558
2025-09-09,EURCHF,0.94676
2025-09-10,EURCHF,0.95697
2025-09-11,EURCHF,0.95911
2025-09-12,EURCHF,0.95826
2025-09-13,EURCHF,0.95387
2025-09-14,EURCHF,0.95563
2025-09-15,EURCHF,0.94888
2025-09-16,EURCHF,0.95146
2025-09-17,EURCHF,0.95931
2025-09-18,EURCHF,0.94971
2025-09-19,EURCHF,0.95798
2025-09-20,EURCHF,0.94995
2025-09-21,EURCHF,0.95245
2025-09-22,EURCHF,0.95335
2025-09-23,EURCHF,0.94066
2025-09-24,EURCHF,0.94087
2025-09-25,EURCHF,0.95163
2025-09-26,EURCHF,0.94812
2025-09-27,EURCHF,0.94353
2025-09-28,EURCHF,0.93828
2025-09-29,EURCHF,0.94435
2025-09-30,EURCHF,0.93778
2025-10-01,EURCHF,0.94288
2025-10-02,EURCHF,0.93612
2025-10-03,EURCHF,0.94864
2025-10-04,EURCHF,0.94406
2025-10-05,EURCHF,0.94007
2025-10-06,EURCHF,0.94781
2025-10-07,EURCHF,0.93993
2025-10-08,EURCHF,0.94569
2025-10-09,EURCHF,0.94901
2025-10-10,EURCHF,0.94514
2025-10-11,EURCHF,0.95236
2025-10-12,EURCHF,0.95272
2025-10-13,EURCHF,0.96264
2025-10-14,EURCHF,0.96239
2025-10-15,EURCHF,0.9603
2025-10-16,EURCHF,0.97269
2025-10-17,EURCHF,0.97757
2025-10-18,EURCHF,0.97336
2025-10-19,EURCHF,0.97498
2025-10-20,EURCHF,0.97803
2025-10-21,EURCHF,0.99089
2025-10-22,EURCHF,0.99457
2025-10-23,EURCHF,0.9954
2025-10-24,EURCHF,0.99374
2025-10-25,EURCHF,1.00885
2025-10-26,EURCHF,0.9991
2025-10-27,EURCHF,1.01366
2025-10-28,EURCHF,1.00903
2025-10-29,EURCHF,1.0157
2025-10-30,EURCHF,1.01593
2025-10-31,EURCHF,1.01488
2025-11-01,EURCHF,1.02332
2025-11-02,EURCHF,1.02053
2025-11-03,EURCHF,1.02159
2025-11-04,EURCHF,1.01544
2025-11-05,EURCHF,1.02185
2025-11-06,EURCHF,1.02647
2025-11-07,EURCHF,1.01879
2025-11-08,EURCHF,1.02434
2025-11-09,EURCHF,1.01813
2025-11-10,EURCHF,1.0186
2025-11-11,EURCHF,1.01099
2025-11-12,EURCHF,1.00733
2025-11-13,EURCHF,1.00814
2025-11-14,EURCHF,0.99919
2025-11-15,EURCHF,0.99822
2025-11-16,EURCHF,0.99769
2025-11-17,EURCHF,0.99036
2025-11-18,EURCHF,0.99035
2025-11-19,EURCHF,0.98679
2025-11-20,EURCHF,0.97959
2025-11-21,EURCHF,0.97002
2025-11-22,EURCHF,0.96961
2025-11-23,EURCHF,0.96564
2025-11-24,EURCHF,0.96774
2025-11-25,EURCHF,0.96706
2025-11-26,EURCHF,0.95802
2025-11-27,EURCHF,0.95553
2025-11-28,EURCHF,0.95529
2025-11-29,EURCHF,0.94643
2025-11-30,EURCHF,0.9489
2025-12-01,EURCHF,0.93832
2025-12-02,EURCHF,0.95004
2025-12-03,EURCHF,0.94835
2025-12-04,EURCHF,0.94585
2025-12-05,EURCHF,0.93795
2025-12-06,EURCHF,0.9351
2025-12-07,EURCHF,0.93686
2025-12-08,EURCHF,0.94092
2025-12-09,EURCHF,0.93292
2025-12-10,EURCHF,0.94143
2025-12-11,EURCHF,0.94731
2025-12-12,EURCHF,0.94734
2025-12-13,EURCHF,0.94215
2025-12-14,EURCHF,0.93651
2025-12-15,EURCHF,0.94092
2025-12-16,EURCHF,0.94719
2025-12-17,EURCHF,0.94856
2025-12-18,EURCHF,0.94643
2025-12-19,EURCHF,0.94543
2025-12-20,EURCHF,0.95054
2025-12-21,EURCHF,0.94792
2025-12-22,EURCHF,0.95215
2025-12-23,EURCHF,0.95271
2025-12-24,EURCHF,0.95274
2025-12-25,EURCHF,0.95866
2025-12-26,EURCHF,0.95369
2025-12-27,EURCHF,0.9515
2025-12-28,EURCHF,0.95362
2025-12-29,EURCHF,0.95003
2025-12-30,EURCHF,0.9534
2025-12-31,EURCHF,0.9523
2026-01-01,EURCHF,0.95343
2026-01-02,EURCHF,0.96062
2026-01-03,EURCHF,0.95556
2026-01-04,EURCHF,0.95255
2026-01-05,EURCHF,0.95088
2026-01-06,EURCHF,0.95264
2026-01-07,EURCHF,0.95706
2026-01-08,EURCHF,0.95461
2026-01-09,EURCHF,0.96006
2026-01-10,EURCHF,0.95784
2026-01-11,EURCHF,0.95579
2026-01-12,EURCHF,0.95262
2026-01-13,EURCHF,0.96301
2026-01-14,EURCHF,0.95015
2026-01-15,EURCHF,0.95497
2026-01-16,EURCHF,0.96471
2026-01-17,EURCHF,0.95582
2026-01-18,EURCHF,0.95964
2026-01-19,EURCHF,0.97018
2026-01-20,EURCHF,0.96608
2026-01-21,EURCHF,0.9701
2026-01-22,EURCHF,0.97477
2026-01-23,EURCHF,0.97052
2026-01-24,EURCHF,0.97515
2026-01-25,EURCHF,0.98396
2026-01-26,EURCHF,0.99031
2026-01-27,EURCHF,0.98627
2026-01-28,EURCHF,0.99217
2026-01-29,EURCHF,0.99245
2026-01-30,EURCHF,0.9949
2026-01-31,EURCHF,1.00208
2026-02-01,EURCHF,1.01
2026-02-02,EURCHF,1.00002
2026-02-03,EURCHF,1.00332
2026-02-04,EURCHF,1.01697
2026-02-05,EURCHF,1.01986
2026-02-06,EURCHF,1.02024
2026-02-07,EURCHF,1.0235
2026-02-08,EURCHF,1.02253
2026-02-09,EURCHF,1.01678
2026-02-10,EURCHF,1.021
2026-02-11,EURCHF,1.01686
2026-02-12,EURCHF,1.02248
2026-02-13,EURCHF,1.02178
2026-02-14,EURCHF,1.0195
2026-02-15,EURCHF,1.02041
2026-02-16,EURCHF,1.01941
2026-02-17,EURCHF,1.0094
2026-02-18,EURCHF,1.01234
2026-02-19,EURCHF,1.01085
2026-02-20,EURCHF,0.99901
2026-02-21,EURCHF,1.00496
2026-02-22,EURCHF,0.99171
2026-02-23,EURCHF,0.99732
2026-02-24,EURCHF,0.98683
2026-02-25,EURCHF,0.98736
2026-02-26,EURCHF,0.98258
2026-02-27,EURCHF,0.97604
2026-02-28,EURCHF,0.96567
2026-03-01,EURCHF,0.9692
2026-03-02,EURCHF,0.95941
2026-03-03,EURCHF,0.95644
2026-03-04,EURCHF,0.95292
2026-03-05,EURCHF,0.94417
2026-03-06,EURCHF,0.94156
2026-03-07,EURCHF,0.94435
2026-03-08,EURCHF,0.94197
2026-03-09,EURCHF,0.93604
2026-03-10,EURCHF,0.93887
2026-03-11,EURCHF,0.93136
2026-03-12,EURCHF,0.92967
2026-03-13,EURCHF,0.92977
2026-03-14,EURCHF,0.93532
2026-03-15,EURCHF,0.93292
2026-03-16,EURCHF,0.92532
2026-03-17,EURCHF,0.92811
2026-03-18,EURCHF,0.92873
2026-03-19,EURCHF,0.93608
2026-03-20,EURCHF,0.93229
2026-03-21,EURCHF,0.92815
2026-03-22,EURCHF,0.93934
2026-03-23,EURCHF,0.9317
2026-03-24,EURCHF,0.93885
2026-03-25,EURCHF,0.9356
2026-03-26,EURCHF,0.94833
2026-03-27,EURCHF,0.94852
2026-03-28,EURCHF,0.95318
2026-03-29,EURCHF,0.94729
2026-03-30,EURCHF,0.95674
2026-03-31,EURCHF,0.95468
2026-04-01,EURCHF,0.95215
2026-04-02,EURCHF,0.96273
2026-04-03,EURCHF,0.95721
2026-04-04,EURCHF,0.95873
2026-04-05,EURCHF,0.96699
2026-04-06,EURCHF,0.96232
2026-04-07,EURCHF,0.97009
2026-04-08,EURCHF,0.95793
2026-04-09,EURCHF,0.9589
2026-04-10,EURCHF,0.96319
2026-04-11,EURCHF,0.96131
2026-04-12,EURCHF,0.97179
2026-04-13,EURCHF,0.96448
2026-04-14,EURCHF,0.97465
2026-04-15,EURCHF,0.97015
2026-04-16,EURCHF,0.97277
2026-04-17,EURCHF,0.96859
2026-04-18,EURCHF,0.96404
2026-04-19,EURCHF,0.9643
2026-04-20,EURCHF,0.96421
2026-04-21,EURCHF,0.96501
2026-04-22,EURCHF,0.96439
2026-04-23,EURCHF,0.97165
2026-04-24,EURCHF,0.9706
2026-04-25,EURCHF,0.97536
2026-04-26,EURCHF,0.97521
2026-04-27,EURCHF,0.96728
2026-04-28,EURCHF,0.97724
2026-04-29,EURCHF,0.97642
2026-04-30,EURCHF,0.97852
2026-05-01,EURCHF,0.9781
2026-05-02,EURCHF,0.98189
2026-05-03,EURCHF,0.97569
2026-05-04,EURCHF,0.9888
2026-05-05,EURCHF,0.99253
2026-05-06,EURCHF,0.98852
2026-05-07,EURCHF,0.98999
2026-05-08,EURCHF,0.98994
2026-05-09,EURCHF,1.00072
2025-08-23,GBPJPY,187.04
2025-08-24,GBPJPY,188.853
2025-08-25,GBPJPY,189.13
2025-08-26,GBPJPY,188.879
2025-08-27,GBPJPY,187.99
2025-08-28,GBPJPY,188.372
2025-08-29,GBPJPY,187.127
2025-08-30,GBPJPY,187.768
2025-08-31,GBPJPY,189.495
2025-09-01,GBPJPY,187.813
2025-09-02,GBPJPY,189.695
2025-09-03,GBPJPY,188.371
2025-09-04,GBPJPY,189.152
2025-09-05,GBPJPY,189.623
2025-09-06,GBPJPY,187.386
2025-09-07,GBPJPY,187.709
2025-09-08,GBPJPY,190.124
2025-09-09,GBPJPY,189.667
2025-09-10,GBPJPY,188.959
2025-09-11,GBPJPY,188.079
2025-09-12,GBPJPY,189.425
2025-09-13,GBPJPY,188.187
2025-09-14,GBPJPY,189.234
2025-09-15,GBPJPY,187.844
2025-09-16,GBPJPY,190.258
2025-09-17,GBPJPY,189.18
2025-09-18,GBPJPY,188.156
2025-09-19,GBPJPY,189.415
2025-09-20,GBPJPY,187.491
2025-09-21,GBPJPY,188.229
2025-09-22,GBPJPY,188.421
2025-09-23,GBPJPY,187.138
2025-09-24,GBPJPY,188.003
2025-09-25,GBPJPY,187.474
2025-09-26,GBPJPY,188.791
2025-09-27,GBPJPY,188.089
2025-09-28,GBPJPY,187.019
2025-09-29,GBPJPY,188.762
2025-09-30,GBPJPY,189.046
2025-10-01,GBPJPY,187.591
2025-10-02,GBPJPY,187.295
2025-10-03,GBPJPY,187.31
2025-10-04,GBPJPY,189.246
2025-10-05,GBPJPY,189.481
2025-10-06,GBPJPY,189.237
2025-10-07,GBPJPY,188.597
2025-10-08,GBPJPY,191.216
2025-10-09,GBPJPY,189.211
2025-10-10,GBPJPY,191.9
2025-10-11,GBPJPY,191.05
2025-10-12,GBPJPY,192.439
2025-10-13,GBPJPY,192.707
2025-10-14,GBPJPY,192.828
2025-10-15,GBPJPY,194.85
2025-10-16,GBPJPY,194.83
2025-10-17,GBPJPY,195.633
2025-10-18,GBPJPY,195.136
2025-10-19,GBPJPY,197.128
2025-10-20,GBPJPY,198.854
2025-10-21,GBPJPY,198.258
2025-10-22,GBPJPY,200.285
2025-10-23,GBPJPY,200.056
2025-10-24,GBPJPY,201.165
2025-10-25,GBPJPY,200.691
2025-10-26,GBPJPY,200.999
2025-10-27,GBPJPY,202.195
2025-10-28,GBPJPY,201.41
2025-10-29,GBPJPY,202.195
2025-10-30,GBPJPY,203.033
2025-10-31,GBPJPY,202.428
2025-11-01,GBPJPY,203.255
2025-11-02,GBPJPY,203.282
2025-11-03,GBPJPY,202.471
2025-11-04,GBPJPY,201.073
2025-11-05,GBPJPY,201.475
2025-11-06,GBPJPY,201.039
2025-11-07,GBPJPY,201.764
2025-11-08,GBPJPY,201.802
2025-11-09,GBPJPY,199.99
2025-11-10,GBPJPY,199.44
2025-11-11,GBPJPY,199.259
2025-11-12,GBPJPY,197.182
2025-11-13,GBPJPY,197.372
2025-11-14,GBPJPY,194.767
2025-11-15,GBPJPY,196.71
2025-11-16,GBPJPY,195.801
2025-11-17,GBPJPY,194.666
2025-11-18,GBPJPY,192.378
2025-11-19,GBPJPY,191.094
2025-11-20,GBPJPY,190.725
2025-11-21,GBPJPY,190.803
2025-11-22,GBPJPY,188.432
2025-11-23,GBPJPY,189.402
2025-11-24,GBPJPY,189.847
2025-11-25,GBPJPY,189.139
2025-11-26,GBPJPY,187.43
2025-11-27,GBPJPY,185.677
2025-11-28,GBPJPY,185.968
2025-11-29,GBPJPY,186.676
2025-11-30,GBPJPY,186.474
2025-12-01,GBPJPY,185.649
2025-12-02,GBPJPY,185.111
2025-12-03,GBPJPY,185.837
2025-12-04,GBPJPY,185.119
2025-12-05,GBPJPY,185.808
2025-12-06,GBPJPY,185.845
2025-12-07,GBPJPY,185.842
2025-12-08,GBPJPY,187.047
2025-12-09,GBPJPY,186.184
2025-12-10,GBPJPY,185.911
2025-12-11,GBPJPY,186.525
2025-12-12,GBPJPY,186.06
2025-12-13,GBPJPY,186.986
2025-12-14,GBPJPY,187.06
2025-12-15,GBPJPY,187.587
2025-12-16,GBPJPY,189.316
2025-12-17,GBPJPY,188.631
2025-12-18,GBPJPY,188.338
2025-12-19,GBPJPY,188.293
2025-12-20,GBPJPY,188.902
2025-12-21,GBPJPY,190.008
2025-12-22,GBPJPY,189.713
2025-12-23,GBPJPY,190.945
2025-12-24,GBPJPY,190.601
2025-12-25,GBPJPY,190.239
2025-12-26,GBPJPY,189.595
2025-12-27,GBPJPY,191.592
2025-12-28,GBPJPY,188.904
2025-12-29,GBPJPY,189.674
2025-12-30,GBPJPY,191.359
2025-12-31,GBPJPY,189.292
2026-01-01,GBPJPY,189.694
2026-01-02,GBPJPY,191.372
2026-01-03,GBPJPY,190.118
2026-01-04,GBPJPY,190.43
2026-01-05,GBPJPY,190.839
2026-01-06,GBPJPY,189.485
2026-01-07,GBPJPY,189.856
2026-01-08,GBPJPY,191.038
2026-01-09,GBPJPY,191.745
2026-01-10,GBPJPY,190.461
2026-01-11,GBPJPY,191.126
2026-01-12,GBPJPY,190.749
2026-01-13,GBPJPY,190.838
2026-01-14,GBPJPY,191.889
2026-01-15,GBPJPY,193.144
2026-01-16,GBPJPY,191.048
2026-01-17,GBPJPY,191.573
2026-01-18,GBPJPY,194.154
2026-01-19,GBPJPY,194.77
2026-01-20,GBPJPY,194.997
2026-01-21,GBPJPY,195.866
2026-01-22,GBPJPY,196.019
2026-01-23,GBPJPY,195.343
2026-01-24,GBPJPY,196.671
2026-01-25,GBPJPY,196.47
2026-01-26,GBPJPY,198.237
2026-01-27,GBPJPY,198.853
2026-01-28,GBPJPY,199.227
2026-01-29,GBPJPY,200.281
2026-01-30,GBPJPY,201.008
2026-01-31,GBPJPY,199.989
2026-02-01,GBPJPY,201.556
2026-02-02,GBPJPY,202.261
2026-02-03,GBPJPY,200.889
2026-02-04,GBPJPY,203.081
2026-02-05,GBPJPY,201.369
2026-02-06,GBPJPY,203.451
2026-02-07,GBPJPY,202.205
2026-02-08,GBPJPY,203.154
2026-02-09,GBPJPY,202.944
2026-02-10,GBPJPY,202.29
2026-02-11,GBPJPY,200.751
2026-02-12,GBPJPY,202.007
2026-02-13,GBPJPY,200.387
2026-02-14,GBPJPY,200.085
2026-02-15,GBPJPY,199.563
2026-02-16,GBPJPY,197.833
2026-02-17,GBPJPY,197.281
2026-02-18,GBPJPY,197.753
2026-02-19,GBPJPY,197.036
2026-02-20,GBPJPY,195.476
2026-02-21,GBPJPY,195.65
2026-02-22,GBPJPY,193.581
2026-02-23,GBPJPY,192.643
2026-02-24,GBPJPY,192.007
2026-02-25,GBPJPY,192.426
2026-02-26,GBPJPY,191.157
2026-02-27,GBPJPY,188.787
2026-02-28,GBPJPY,188.51
2026-03-01,GBPJPY,187.774
2026-03-02,GBPJPY,188.383
2026-03-03,GBPJPY,186.753
2026-03-04,GBPJPY,185.076
2026-03-05,GBPJPY,186.474
2026-03-06,GBPJPY,184.169
2026-03-07,GBPJPY,184.833
2026-03-08,GBPJPY,183.499
2026-03-09,GBPJPY,185.353
2026-03-10,GBPJPY,184.812
2026-03-11,GBPJPY,185.21
2026-03-12,GBPJPY,183.634
2026-03-13,GBPJPY,185.108
2026-03-14,GBPJPY,184.429
2026-03-15,GBPJPY,183.738
2026-03-16,GBPJPY,185.654
2026-03-17,GBPJPY,184.539
2026-03-18,GBPJPY,184.852
2026-03-19,GBPJPY,186.536
2026-03-20,GBPJPY,185.788
2026-03-21,GBPJPY,187.499
2026-03-22,GBPJPY,185.408
2026-03-23,GBPJPY,185.9
2026-03-24,GBPJPY,187.074
2026-03-25,GBPJPY,187.079
2026-03-26,GBPJPY,189.514
2026-03-27,GBPJPY,188.492
2026-03-28,GBPJPY,190.89
2026-03-29,GBPJPY,190.415
2026-03-30,GBPJPY,191.32
2026-03-31,GBPJPY,190.867
2026-04-01,GBPJPY,190.309
2026-04-02,GBPJPY,190.661
2026-04-03,GBPJPY,190.904
2026-04-04,GBPJPY,191.275
2026-04-05,GBPJPY,191.312
2026-04-06,GBPJPY,192.858
2026-04-07,GBPJPY,192.695
2026-04-08,GBPJPY,193.627
2026-04-09,GBPJPY,193.522
2026-04-10,GBPJPY,191.816
2026-04-11,GBPJPY,193.603
2026-04-12,GBPJPY,193.199
2026-04-13,GBPJPY,193.324
2026-04-14,GBPJPY,192.91
2026-04-15,GBPJPY,193.291
2026-04-16,GBPJPY,191.68
2026-04-17,GBPJPY,193.841
2026-04-18,GBPJPY,194.147
2026-04-19,GBPJPY,192.943
2026-04-20,GBPJPY,192.817
2026-04-21,GBPJPY,192.415
2026-04-22,GBPJPY,194.145
2026-04-23,GBPJPY,194.621
2026-04-24,GBPJPY,193.104
2026-04-25,GBPJPY,194.312
2026-04-26,GBPJPY,195.261
2026-04-27,GBPJPY,195.19
2026-04-28,GBPJPY,194.805
2026-04-29,GBPJPY,195.479
2026-04-30,GBPJPY,195.009
2026-05-01,GBPJPY,195.497
2026-05-02,GBPJPY,195.726
2026-05-03,GBPJPY,197.31
2026-05-04,GBPJPY,195.694
2026-05-05,GBPJPY,196.989
2026-05-06,GBPJPY,198.227
2026-05-07,GBPJPY,199.366
2026-05-08,GBPJPY,200.171
2026-05-09,GBPJPY,200.004
2025-08-23,AUDJPY,98.956
2025-08-24,AUDJPY,98.557
2025-08-25,AUDJPY,98.101
2025-08-26,AUDJPY,98.834
2025-08-27,AUDJPY,98.246
2025-08-28,AUDJPY,98.875
2025-08-29,AUDJPY,98.251
2025-08-30,AUDJPY,99.635
2025-08-31,AUDJPY,99.206
2025-09-01,AUDJPY,98.813
2025-09-02,AUDJPY,99.626
2025-09-03,AUDJPY,98.765
2025-09-04,AUDJPY,99.304
2025-09-05,AUDJPY,99.549
2025-09-06,AUDJPY,99.003
2025-09-07,AUDJPY,99.579
2025-09-08,AUDJPY,99.399
2025-09-09,AUDJPY,100.176
2025-09-10,AUDJPY,99.857
2025-09-11,AUDJPY,99.315
2025-09-12,AUDJPY,100.237
2025-09-13,AUDJPY,100.353
2025-09-14,AUDJPY,99.514
2025-09-15,AUDJPY,99.257
2025-09-16,AUDJPY,99.133
2025-09-17,AUDJPY,99.992
2025-09-18,AUDJPY,99.92
2025-09-19,AUDJPY,99.566
2025-09-20,AUDJPY,98.979
2025-09-21,AUDJPY,100.078
2025-09-22,AUDJPY,98.736
2025-09-23,AUDJPY,99.828
2025-09-24,AUDJPY,99.066
2025-09-25,AUDJPY,99.458
2025-09-26,AUDJPY,99.268
2025-09-27,AUDJPY,99.007
2025-09-28,AUDJPY,99.73
2025-09-29,AUDJPY,99.419
2025-09-30,AUDJPY,99.548
2025-10-01,AUDJPY,99.042
2025-10-02,AUDJPY,99.828
2025-10-03,AUDJPY,100.51
2025-10-04,AUDJPY,100.056
2025-10-05,AUDJPY,100.968
2025-10-06,AUDJPY,100.787
2025-10-07,AUDJPY,101.327
2025-10-08,AUDJPY,101.119
2025-10-09,AUDJPY,101.356
2025-10-10,AUDJPY,102.091
2025-10-11,AUDJPY,101.877
2025-10-12,AUDJPY,102.506
2025-10-13,AUDJPY,103.212
2025-10-14,AUDJPY,103.231
2025-10-15,AUDJPY,104.023
2025-10-16,AUDJPY,104.446
2025-10-17,AUDJPY,104.473
2025-10-18,AUDJPY,104.223
2025-10-19,AUDJPY,104.93
2025-10-20,AUDJPY,105.221
2025-10-21,AUDJPY,106.136
2025-10-22,AUDJPY,106.701
2025-10-23,AUDJPY,106.286
2025-10-24,AUDJPY,106.533
2025-10-25,AUDJPY,106.965
2025-10-26,AUDJPY,106.359
2025-10-27,AUDJPY,106.949
2025-10-28,AUDJPY,105.991
2025-10-29,AUDJPY,107.473
2025-10-30,AUDJPY,107.362
2025-10-31,AUDJPY,107.08
2025-11-01,AUDJPY,106.112
2025-11-02,AUDJPY,105.641
2025-11-03,AUDJPY,105.623
2025-11-04,AUDJPY,105.797
2025-11-05,AUDJPY,104.556
2025-11-06,AUDJPY,105.111
2025-11-07,AUDJPY,105.32
2025-11-08,AUDJPY,104.835
2025-11-09,AUDJPY,103.743
2025-11-10,AUDJPY,102.582
2025-11-11,AUDJPY,102.505
2025-11-12,AUDJPY,102.615
2025-11-13,AUDJPY,102.187
2025-11-14,AUDJPY,101.389
2025-11-15,AUDJPY,100.723
2025-11-16,AUDJPY,100.725
2025-11-17,AUDJPY,99.93
2025-11-18,AUDJPY,99.886
2025-11-19,AUDJPY,99.488
2025-11-20,AUDJPY,99.072
2025-11-21,AUDJPY,99.306
2025-11-22,AUDJPY,98.455
2025-11-23,AUDJPY,97.938
2025-11-24,AUDJPY,97.911
2025-11-25,AUDJPY,97.343
2025-11-26,AUDJPY,97.533
2025-11-27,AUDJPY,97.31
2025-11-28,AUDJPY,97.357
2025-11-29,AUDJPY,98.061
2025-11-30,AUDJPY,97.551
2025-12-01,AUDJPY,97.282
2025-12-02,AUDJPY,97.179
2025-12-03,AUDJPY,97.449
2025-12-04,AUDJPY,98.011
2025-12-05,AUDJPY,97.883
2025-12-06,AUDJPY,98.574
2025-12-07,AUDJPY,98.48
2025-12-08,AUDJPY,98.401
2025-12-09,AUDJPY,98.197
2025-12-10,AUDJPY,99.379
2025-12-11,AUDJPY,98.145
2025-12-12,AUDJPY,98.716
2025-12-13,AUDJPY,99.769
2025-12-14,AUDJPY,98.868
2025-12-15,AUDJPY,99.252
2025-12-16,AUDJPY,100.297
2025-12-17,AUDJPY,99.795
2025-12-18,AUDJPY,100.098
2025-12-19,AUDJPY,100.434
2025-12-20,AUDJPY,99.819
2025-12-21,AUDJPY,100.088
2025-12-22,AUDJPY,100.757
2025-12-23,AUDJPY,101.147
2025-12-24,AUDJPY,100.456
2025-12-25,AUDJPY,100.762
2025-12-26,AUDJPY,100.487
2025-12-27,AUDJPY,100.427
2025-12-28,AUDJPY,100.843
2025-12-29,AUDJPY,101.338
2025-12-30,AUDJPY,100.051
2025-12-31,AUDJPY,100.115
2026-01-01,AUDJPY,101.233
2026-01-02,AUDJPY,101.308
2026-01-03,AUDJPY,101.17
2026-01-04,AUDJPY,101.359
2026-01-05,AUDJPY,101.177
2026-01-06,AUDJPY,100.573
2026-01-07,AUDJPY,101.01
2026-01-08,AUDJPY,100.677
2026-01-09,AUDJPY,101.371
2026-01-10,AUDJPY,101.499
2026-01-11,AUDJPY,101.533
2026-01-12,AUDJPY,101.946
2026-01-13,AUDJPY,102.23
2026-01-14,AUDJPY,101.667
2026-01-15,AUDJPY,102.461
2026-01-16,AUDJPY,102.863
2026-01-17,AUDJPY,102.254
2026-01-18,AUDJPY,103.506
2026-01-19,AUDJPY,102.817
2026-01-20,AUDJPY,104.111
2026-01-21,AUDJPY,103.747
2026-01-22,AUDJPY,104.553
2026-01-23,AUDJPY,104.804
2026-01-24,AUDJPY,104.861
2026-01-25,AUDJPY,104.488
2026-01-26,AUDJPY,105.599
2026-01-27,AUDJPY,105.229
2026-01-28,AUDJPY,105.566
2026-01-29,AUDJPY,105.798
2026-01-30,AUDJPY,105.393
2026-01-31,AUDJPY,105.61
2026-02-01,AUDJPY,106.371
2026-02-02,AUDJPY,106.482
2026-02-03,AUDJPY,106.114
2026-02-04,AUDJPY,106.662
2026-02-05,AUDJPY,105.954
2026-02-06,AUDJPY,105.825
2026-02-07,AUDJPY,105.82
2026-02-08,AUDJPY,106.352
2026-02-09,AUDJPY,105.902
2026-02-10,AUDJPY,104.786
2026-02-11,AUDJPY,104.776
2026-02-12,AUDJPY,104.454
2026-02-13,AUDJPY,104.823
2026-02-14,AUDJPY,103.889
2026-02-15,AUDJPY,102.872
2026-02-16,AUDJPY,103.509
2026-02-17,AUDJPY,102.038
2026-02-18,AUDJPY,102.163
2026-02-19,AUDJPY,101.138
2026-02-20,AUDJPY,101.826
2026-02-21,AUDJPY,101.159
2026-02-22,AUDJPY,100.972
2026-02-23,AUDJPY,99.685
2026-02-24,AUDJPY,100.033
2026-02-25,AUDJPY,99.201
2026-02-26,AUDJPY,98.358
2026-02-27,AUDJPY,98.905
2026-02-28,AUDJPY,97.839
2026-03-01,AUDJPY,97.543
2026-03-02,AUDJPY,97.98
2026-03-03,AUDJPY,97.158
2026-03-04,AUDJPY,97.645
2026-03-05,AUDJPY,96.182
2026-03-06,AUDJPY,96.096
2026-03-07,AUDJPY,96.395
2026-03-08,AUDJPY,96.129
2026-03-09,AUDJPY,97.148
2026-03-10,AUDJPY,96.437
2026-03-11,AUDJPY,97.516
2026-03-12,AUDJPY,97.169
2026-03-13,AUDJPY,97.568
2026-03-14,AUDJPY,97.317
2026-03-15,AUDJPY,97.051
2026-03-16,AUDJPY,97.287
2026-03-17,AUDJPY,97.501
2026-03-18,AUDJPY,97.814
2026-03-19,AUDJPY,97.984
2026-03-20,AUDJPY,98.953
2026-03-21,AUDJPY,99.067
2026-03-22,AUDJPY,99.762
2026-03-23,AUDJPY,99.935
2026-03-24,AUDJPY,99.287
2026-03-25,AUDJPY,100.45
2026-03-26,AUDJPY,100.476
2026-03-27,AUDJPY,100.77
2026-03-28,AUDJPY,100.773
2026-03-29,AUDJPY,101.175
2026-03-30,AUDJPY,100.516
2026-03-31,AUDJPY,101.812
2026-04-01,AUDJPY,102.111
2026-04-02,AUDJPY,101.587
2026-04-03,AUDJPY,101.601
2026-04-04,AUDJPY,101.438
2026-04-05,AUDJPY,102.366
2026-04-06,AUDJPY,102.602
2026-04-07,AUDJPY,101.755
2026-04-08,AUDJPY,102.314
2026-04-09,AUDJPY,102.708
2026-04-10,AUDJPY,102.537
2026-04-11,AUDJPY,102.18
2026-04-12,AUDJPY,102.359
2026-04-13,AUDJPY,101.923
2026-04-14,AUDJPY,101.978
2026-04-15,AUDJPY,101.891
2026-04-16,AUDJPY,102.506
2026-04-17,AUDJPY,101.463
2026-04-18,AUDJPY,101.939
2026-04-19,AUDJPY,102.398
2026-04-20,AUDJPY,102.822
2026-04-21,AUDJPY,103.097
2026-04-22,AUDJPY,102.898
2026-04-23,AUDJPY,103.037
2026-04-24,AUDJPY,101.994
2026-04-25,AUDJPY,102.185
2026-04-26,AUDJPY,102.541
2026-04-27,AUDJPY,103.473
2026-04-28,AUDJPY,102.552
2026-04-29,AUDJPY,103.586
2026-04-30,AUDJPY,103.862
2026-05-01,AUDJPY,104.18
2026-05-02,AUDJPY,104.371
2026-05-03,AUDJPY,103.807
2026-05-04,AUDJPY,105.066
2026-05-05,AUDJPY,103.86
2026-05-06,AUDJPY,105.325
2026-05-07,AUDJPY,105.322
2026-05-08,AUDJPY,105.83
2026-05-09,AUDJPY,105.691
2025-08-23,EURCAD,1.43351
2025-08-24,EURCAD,1.42966
2025-08-25,EURCAD,1.42297
2025-08-26,EURCAD,1.4376
2025-08-27,EURCAD,1.44097
2025-08-28,EURCAD,1.43084
2025-08-29,EURCAD,1.42923
2025-08-30,EURCAD,1.42964
2025-08-31,EURCAD,1.44429
2025-09-01,EURCAD,1.4455
2025-09-02,EURCAD,1.44256
2025-09-03,EURCAD,1.4361
2025-09-04,EURCAD,1.45392
2025-09-05,EURCAD,1.43603
2025-09-06,EURCAD,1.45325
2025-09-07,EURCAD,1.44314
2025-09-08,EURCAD,1.44947
2025-09-09,EURCAD,1.44691
2025-09-10,EURCAD,1.44288
2025-09-11,EURCAD,1.45272
2025-09-12,EURCAD,1.44705
2025-09-13,EURCAD,1.44732
2025-09-14,EURCAD,1.43789
2025-09-15,EURCAD,1.44679
2025-09-16,EURCAD,1.45374
2025-09-17,EURCAD,1.44388
2025-09-18,EURCAD,1.45337
2025-09-19,EURCAD,1.44683
2025-09-20,EURCAD,1.45042
2025-09-21,EURCAD,1.44313
2025-09-22,EURCAD,1.4421
2025-09-23,EURCAD,1.44812
2025-09-24,EURCAD,1.44072
2025-09-25,EURCAD,1.44537
2025-09-26,EURCAD,1.45127
2025-09-27,EURCAD,1.44777
2025-09-28,EURCAD,1.45546
2025-09-29,EURCAD,1.45839
2025-09-30,EURCAD,1.45626
2025-10-01,EURCAD,1.45083
2025-10-02,EURCAD,1.45932
2025-10-03,EURCAD,1.46265
2025-10-04,EURCAD,1.47532
2025-10-05,EURCAD,1.48384
2025-10-06,EURCAD,1.47944
2025-10-07,EURCAD,1.48497
2025-10-08,EURCAD,1.49382
2025-10-09,EURCAD,1.48885
2025-10-10,EURCAD,1.50131
2025-10-11,EURCAD,1.49266
2025-10-12,EURCAD,1.51902
2025-10-13,EURCAD,1.52348
2025-10-14,EURCAD,1.52599
2025-10-15,EURCAD,1.51906
2025-10-16,EURCAD,1.51953
2025-10-17,EURCAD,1.52675
2025-10-18,EURCAD,1.53695
2025-10-19,EURCAD,1.52664
2025-10-20,EURCAD,1.54254
2025-10-21,EURCAD,1.55334
2025-10-22,EURCAD,1.55373
2025-10-23,EURCAD,1.54477
2025-10-24,EURCAD,1.53428
2025-10-25,EURCAD,1.53953
2025-10-26,EURCAD,1.54708
2025-10-27,EURCAD,1.54594
2025-10-28,EURCAD,1.53849
2025-10-29,EURCAD,1.53231
2025-10-30,EURCAD,1.53551
2025-10-31,EURCAD,1.52578
2025-11-01,EURCAD,1.52668
2025-11-02,EURCAD,1.52134
2025-11-03,EURCAD,1.5149
2025-11-04,EURCAD,1.51758
2025-11-05,EURCAD,1.50291
2025-11-06,EURCAD,1.49259
2025-11-07,EURCAD,1.48903
2025-11-08,EURCAD,1.47662
2025-11-09,EURCAD,1.47512
2025-11-10,EURCAD,1.46684
2025-11-11,EURCAD,1.46218
2025-11-12,EURCAD,1.467
2025-11-13,EURCAD,1.45335
2025-11-14,EURCAD,1.44314
2025-11-15,EURCAD,1.43531
2025-11-16,EURCAD,1.43296
2025-11-17,EURCAD,1.4349
2025-11-18,EURCAD,1.42687
2025-11-19,EURCAD,1.43096
2025-11-20,EURCAD,1.42391
2025-11-21,EURCAD,1.41745
2025-11-22,EURCAD,1.40961
2025-11-23,EURCAD,1.42208
2025-11-24,EURCAD,1.40047
2025-11-25,EURCAD,1.40517
2025-11-26,EURCAD,1.41724
2025-11-27,EURCAD,1.4021
2025-11-28,EURCAD,1.40576
2025-11-29,EURCAD,1.41933
2025-11-30,EURCAD,1.41155
2025-12-01,EURCAD,1.41569
2025-12-02,EURCAD,1.42081
2025-12-03,EURCAD,1.41295
2025-12-04,EURCAD,1.41802
2025-12-05,EURCAD,1.42916
2025-12-06,EURCAD,1.4367
2025-12-07,EURCAD,1.42916
2025-12-08,EURCAD,1.43602
2025-12-09,EURCAD,1.43476
2025-12-10,EURCAD,1.43667
2025-12-11,EURCAD,1.44543
2025-12-12,EURCAD,1.45531
2025-12-13,EURCAD,1.4395
2025-12-14,EURCAD,1.44294
2025-12-15,EURCAD,1.46139
2025-12-16,EURCAD,1.46456
2025-12-17,EURCAD,1.46433
2025-12-18,EURCAD,1.46847
2025-12-19,EURCAD,1.46684
2025-12-20,EURCAD,1.45868
2025-12-21,EURCAD,1.46517
2025-12-22,EURCAD,1.46004
2025-12-23,EURCAD,1.46935
2025-12-24,EURCAD,1.47001
2025-12-25,EURCAD,1.46886
2025-12-26,EURCAD,1.47279
2025-12-27,EURCAD,1.47448
2025-12-28,EURCAD,1.46362
2025-12-29,EURCAD,1.47202
2025-12-30,EURCAD,1.47453
2025-12-31,EURCAD,1.46242
2026-01-01,EURCAD,1.47682
2026-01-02,EURCAD,1.46348
2026-01-03,EURCAD,1.47842
2026-01-04,EURCAD,1.46994
2026-01-05,EURCAD,1.47822
2026-01-06,EURCAD,1.4789
2026-01-07,EURCAD,1.47721
2026-01-08,EURCAD,1.46987
2026-01-09,EURCAD,1.48387
2026-01-10,EURCAD,1.47758
2026-01-11,EURCAD,1.48178
2026-01-12,EURCAD,1.48513
2026-01-13,EURCAD,1.48015
2026-01-14,EURCAD,1.48457
2026-01-15,EURCAD,1.4973
2026-01-16,EURCAD,1.50155
2026-01-17,EURCAD,1.49972
2026-01-18,EURCAD,1.51144
2026-01-19,EURCAD,1.50598
2026-01-20,EURCAD,1.50926
2026-01-21,EURCAD,1.51482
2026-01-22,EURCAD,1.52856
2026-01-23,EURCAD,1.52858
2026-01-24,EURCAD,1.51923
2026-01-25,EURCAD,1.5261
2026-01-26,EURCAD,1.52857
2026-01-27,EURCAD,1.54125
2026-01-28,EURCAD,1.53473
2026-01-29,EURCAD,1.52677
2026-01-30,EURCAD,1.54317
2026-01-31,EURCAD,1.52782
2026-02-01,EURCAD,1.53594
2026-02-02,EURCAD,1.52628
2026-02-03,EURCAD,1.54195
2026-02-04,EURCAD,1.53652
2026-02-05,EURCAD,1.53771
2026-02-06,EURCAD,1.52138
2026-02-07,EURCAD,1.52922
2026-02-08,EURCAD,1.51823
2026-02-09,EURCAD,1.50622
2026-02-10,EURCAD,1.51467
2026-02-11,EURCAD,1.49759
2026-02-12,EURCAD,1.49147
2026-02-13,EURCAD,1.49576
2026-02-14,EURCAD,1.48008
2026-02-15,EURCAD,1.48362
2026-02-16,EURCAD,1.45691
2026-02-17,EURCAD,1.45051
2026-02-18,EURCAD,1.44939
2026-02-19,EURCAD,1.43932
2026-02-20,EURCAD,1.44807
2026-02-21,EURCAD,1.43071
2026-02-22,EURCAD,1.43971
2026-02-23,EURCAD,1.42749
2026-02-24,EURCAD,1.42623
2026-02-25,EURCAD,1.41551
2026-02-26,EURCAD,1.40479
2026-02-27,EURCAD,1.40158
2026-02-28,EURCAD,1.39836
2026-03-01,EURCAD,1.39689
2026-03-02,EURCAD,1.39381
2026-03-03,EURCAD,1.40254
2026-03-04,EURCAD,1.39965
2026-03-05,EURCAD,1.40551
2026-03-06,EURCAD,1.40462
2026-03-07,EURCAD,1.39283
2026-03-08,EURCAD,1.40707
2026-03-09,EURCAD,1.406
2026-03-10,EURCAD,1.40933
2026-03-11,EURCAD,1.4092
2026-03-12,EURCAD,1.41527
2026-03-13,EURCAD,1.40703
2026-03-14,EURCAD,1.42671
2026-03-15,EURCAD,1.43292
2026-03-16,EURCAD,1.42802
2026-03-17,EURCAD,1.43103
2026-03-18,EURCAD,1.43187
2026-03-19,EURCAD,1.4484
2026-03-20,EURCAD,1.45535
2026-03-21,EURCAD,1.44705
2026-03-22,EURCAD,1.45879
2026-03-23,EURCAD,1.46818
2026-03-24,EURCAD,1.46944
2026-03-25,EURCAD,1.46785
2026-03-26,EURCAD,1.47374
2026-03-27,EURCAD,1.47051
2026-03-28,EURCAD,1.47402
2026-03-29,EURCAD,1.47511
2026-03-30,EURCAD,1.48598
2026-03-31,EURCAD,1.47237
2026-04-01,EURCAD,1.48033
2026-04-02,EURCAD,1.48757
2026-04-03,EURCAD,1.49383
2026-04-04,EURCAD,1.49746
2026-04-05,EURCAD,1.49375
2026-04-06,EURCAD,1.49451
2026-04-07,EURCAD,1.47775
2026-04-08,EURCAD,1.47854
2026-04-09,EURCAD,1.48141
2026-04-10,EURCAD,1.49233
2026-04-11,EURCAD,1.47636
2026-04-12,EURCAD,1.48842
2026-04-13,EURCAD,1.48953
2026-04-14,EURCAD,1.49125
2026-04-15,EURCAD,1.49128
2026-04-16,EURCAD,1.4807
2026-04-17,EURCAD,1.49637
2026-04-18,EURCAD,1.47727
2026-04-19,EURCAD,1.49652
2026-04-20,EURCAD,1.49535
2026-04-21,EURCAD,1.50192
2026-04-22,EURCAD,1.49982
2026-04-23,EURCAD,1.49992
2026-04-24,EURCAD,1.49463
2026-04-25,EURCAD,1.48872
2026-04-26,EURCAD,1.50497
2026-04-27,EURCAD,1.50386
2026-04-28,EURCAD,1.51057
2026-04-29,EURCAD,1.51179
2026-04-30,EURCAD,1.51387
2026-05-01,EURCAD,1.51152
2026-05-02,EURCAD,1.50845
2026-05-03,EURCAD,1.51811
2026-05-04,EURCAD,1.5159
2026-05-05,EURCAD,1.51142
2026-05-06,EURCAD,1.51645
2026-05-07,EURCAD,1.5322
2026-05-08,EURCAD,1.52162
2026-05-09,EURCAD,1.5255
2025-08-23,EURAUD,1.56191
2025-08-24,EURAUD,1.55939
2025-08-25,EURAUD,1.57216
2025-08-26,EURAUD,1.56836
2025-08-27,EURAUD,1.57113
2025-08-28,EURAUD,1.56346
2025-08-29,EURAUD,1.57573
2025-08-30,EURAUD,1.58586
2025-08-31,EURAUD,1.57753
2025-09-01,EURAUD,1.59017
2025-09-02,EURAUD,1.58503
2025-09-03,EURAUD,1.59068
2025-09-04,EURAUD,1.58405
2025-09-05,EURAUD,1.58389
2025-09-06,EURAUD,1.59105
2025-09-07,EURAUD,1.58299
2025-09-08,EURAUD,1.5877
2025-09-09,EURAUD,1.59327
2025-09-10,EURAUD,1.58802
2025-09-11,EURAUD,1.59454
2025-09-12,EURAUD,1.59536
2025-09-13,EURAUD,1.59021
2025-09-14,EURAUD,1.58105
2025-09-15,EURAUD,1.58669
2025-09-16,EURAUD,1.58638
2025-09-17,EURAUD,1.59593
2025-09-18,EURAUD,1.60074
2025-09-19,EURAUD,1.59151
2025-09-20,EURAUD,1.59293
2025-09-21,EURAUD,1.59795
2025-09-22,EURAUD,1.58831
2025-09-23,EURAUD,1.59747
2025-09-24,EURAUD,1.58448
2025-09-25,EURAUD,1.60899
2025-09-26,EURAUD,1.61069
2025-09-27,EURAUD,1.61085
2025-09-28,EURAUD,1.60166
2025-09-29,EURAUD,1.60091
2025-09-30,EURAUD,1.60795
2025-10-01,EURAUD,1.61885
2025-10-02,EURAUD,1.60889
2025-10-03,EURAUD,1.62732
2025-10-04,EURAUD,1.64117
2025-10-05,EURAUD,1.64481
2025-10-06,EURAUD,1.63928
2025-10-07,EURAUD,1.6328
2025-10-08,EURAUD,1.64372
2025-10-09,EURAUD,1.6578
2025-10-10,EURAUD,1.66316
2025-10-11,EURAUD,1.66222
2025-10-12,EURAUD,1.66304
2025-10-13,EURAUD,1.67439
2025-10-14,EURAUD,1.67187
2025-10-15,EURAUD,1.68117
2025-10-16,EURAUD,1.68366
2025-10-17,EURAUD,1.68488
2025-10-18,EURAUD,1.69613
2025-10-19,EURAUD,1.68773
2025-10-20,EURAUD,1.68379
2025-10-21,EURAUD,1.68702
2025-10-22,EURAUD,1.67968
2025-10-23,EURAUD,1.68412
2025-10-24,EURAUD,1.68014
2025-10-25,EURAUD,1.67956
2025-10-26,EURAUD,1.68907
2025-10-27,EURAUD,1.67648
2025-10-28,EURAUD,1.66695
2025-10-29,EURAUD,1.65925
2025-10-30,EURAUD,1.65697
2025-10-31,EURAUD,1.65875
2025-11-01,EURAUD,1.64811
2025-11-02,EURAUD,1.6506
2025-11-03,EURAUD,1.6394
2025-11-04,EURAUD,1.62813
2025-11-05,EURAUD,1.6146
2025-11-06,EURAUD,1.62366
2025-11-07,EURAUD,1.59328
2025-11-08,EURAUD,1.59241
2025-11-09,EURAUD,1.59943
2025-11-10,EURAUD,1.57545
2025-11-11,EURAUD,1.57246
2025-11-12,EURAUD,1.58035
2025-11-13,EURAUD,1.56445
2025-11-14,EURAUD,1.56187
2025-11-15,EURAUD,1.5605
2025-11-16,EURAUD,1.54513
2025-11-17,EURAUD,1.54427
2025-11-18,EURAUD,1.55036
2025-11-19,EURAUD,1.55293
2025-11-20,EURAUD,1.53974
2025-11-21,EURAUD,1.54263
2025-11-22,EURAUD,1.53738
2025-11-23,EURAUD,1.53616
2025-11-24,EURAUD,1.54289
2025-11-25,EURAUD,1.55143
2025-11-26,EURAUD,1.53322
2025-11-27,EURAUD,1.53618
2025-11-28,EURAUD,1.55571
2025-11-29,EURAUD,1.55955
2025-11-30,EURAUD,1.56032
2025-12-01,EURAUD,1.56627
2025-12-02,EURAUD,1.56651
2025-12-03,EURAUD,1.56015
2025-12-04,EURAUD,1.5698
2025-12-05,EURAUD,1.56726
2025-12-06,EURAUD,1.58043
2025-12-07,EURAUD,1.58446
2025-12-08,EURAUD,1.5866
2025-12-09,EURAUD,1.59422
2025-12-10,EURAUD,1.59934
2025-12-11,EURAUD,1.59068
2025-12-12,EURAUD,1.60273
2025-12-13,EURAUD,1.60812
2025-12-14,EURAUD,1.5972
2025-12-15,EURAUD,1.61486
2025-12-16,EURAUD,1.60177
2025-12-17,EURAUD,1.61917
2025-12-18,EURAUD,1.61044
2025-12-19,EURAUD,1.61957
2025-12-20,EURAUD,1.61989
2025-12-21,EURAUD,1.61709
2025-12-22,EURAUD,1.60765
2025-12-23,EURAUD,1.62108
2025-12-24,EURAUD,1.61193
2025-12-25,EURAUD,1.61386
2025-12-26,EURAUD,1.61452
2025-12-27,EURAUD,1.60589
2025-12-28,EURAUD,1.60727
2025-12-29,EURAUD,1.61751
2025-12-30,EURAUD,1.61852
2025-12-31,EURAUD,1.61301
2026-01-01,EURAUD,1.6222
2026-01-02,EURAUD,1.61314
2026-01-03,EURAUD,1.61375
2026-01-04,EURAUD,1.61714
2026-01-05,EURAUD,1.62967
2026-01-06,EURAUD,1.62806
2026-01-07,EURAUD,1.61703
2026-01-08,EURAUD,1.62386
2026-01-09,EURAUD,1.62667
2026-01-10,EURAUD,1.64101
2026-01-11,EURAUD,1.63561
2026-01-12,EURAUD,1.62936
2026-01-13,EURAUD,1.64981
2026-01-14,EURAUD,1.63702
2026-01-15,EURAUD,1.65001
2026-01-16,EURAUD,1.64454
2026-01-17,EURAUD,1.66698
2026-01-18,EURAUD,1.66718
2026-01-19,EURAUD,1.67502
2026-01-20,EURAUD,1.66414
2026-01-21,EURAUD,1.67999
2026-01-22,EURAUD,1.67539
2026-01-23,EURAUD,1.66973
2026-01-24,EURAUD,1.68681
2026-01-25,EURAUD,1.67539
2026-01-26,EURAUD,1.67601
2026-01-27,EURAUD,1.68812
2026-01-28,EURAUD,1.67732
2026-01-29,EURAUD,1.68785
2026-01-30,EURAUD,1.66339
2026-01-31,EURAUD,1.66143
2026-02-01,EURAUD,1.66484
2026-02-02,EURAUD,1.65722
2026-02-03,EURAUD,1.67049
2026-02-04,EURAUD,1.65281
2026-02-05,EURAUD,1.66469
2026-02-06,EURAUD,1.65114
2026-02-07,EURAUD,1.64936
2026-02-08,EURAUD,1.63574
2026-02-09,EURAUD,1.62125
2026-02-10,EURAUD,1.61458
2026-02-11,EURAUD,1.60708
2026-02-12,EURAUD,1.60084
2026-02-13,EURAUD,1.59205
2026-02-14,EURAUD,1.59608
2026-02-15,EURAUD,1.5863
2026-02-16,EURAUD,1.58593
2026-02-17,EURAUD,1.57753
2026-02-18,EURAUD,1.55668
2026-02-19,EURAUD,1.56471
2026-02-20,EURAUD,1.55557
2026-02-21,EURAUD,1.55129
2026-02-22,EURAUD,1.5433
2026-02-23,EURAUD,1.54225
2026-02-24,EURAUD,1.52594
2026-02-25,EURAUD,1.54022
2026-02-26,EURAUD,1.54029
2026-02-27,EURAUD,1.52893
2026-02-28,EURAUD,1.52663
2026-03-01,EURAUD,1.52263
2026-03-02,EURAUD,1.53593
2026-03-03,EURAUD,1.53971
2026-03-04,EURAUD,1.52808
2026-03-05,EURAUD,1.53833
2026-03-06,EURAUD,1.54681
2026-03-07,EURAUD,1.54744
2026-03-08,EURAUD,1.54578
2026-03-09,EURAUD,1.55267
2026-03-10,EURAUD,1.5506
2026-03-11,EURAUD,1.55624
2026-03-12,EURAUD,1.55988
2026-03-13,EURAUD,1.57437
2026-03-14,EURAUD,1.56335
2026-03-15,EURAUD,1.57559
2026-03-16,EURAUD,1.5874
2026-03-17,EURAUD,1.59842
2026-03-18,EURAUD,1.60679
2026-03-19,EURAUD,1.60736
2026-03-20,EURAUD,1.61272
2026-03-21,EURAUD,1.59905
2026-03-22,EURAUD,1.60414
2026-03-23,EURAUD,1.61129
2026-03-24,EURAUD,1.62692
2026-03-25,EURAUD,1.61287
2026-03-26,EURAUD,1.62904
2026-03-27,EURAUD,1.63278
2026-03-28,EURAUD,1.63671
2026-03-29,EURAUD,1.63826
2026-03-30,EURAUD,1.62763
2026-03-31,EURAUD,1.6453
2026-04-01,EURAUD,1.62422
2026-04-02,EURAUD,1.64479
2026-04-03,EURAUD,1.64242
2026-04-04,EURAUD,1.64809
2026-04-05,EURAUD,1.64383
2026-04-06,EURAUD,1.64166
2026-04-07,EURAUD,1.6333
2026-04-08,EURAUD,1.62408
2026-04-09,EURAUD,1.63888
2026-04-10,EURAUD,1.63469
2026-04-11,EURAUD,1.63901
2026-04-12,EURAUD,1.63745
2026-04-13,EURAUD,1.63702
2026-04-14,EURAUD,1.63204
2026-04-15,EURAUD,1.62664
2026-04-16,EURAUD,1.63535
2026-04-17,EURAUD,1.63173
2026-04-18,EURAUD,1.62618
2026-04-19,EURAUD,1.63141
2026-04-20,EURAUD,1.64878
2026-04-21,EURAUD,1.63841
2026-04-22,EURAUD,1.64425
2026-04-23,EURAUD,1.65338
2026-04-24,EURAUD,1.64062
2026-04-25,EURAUD,1.65679
2026-04-26,EURAUD,1.63711
2026-04-27,EURAUD,1.6493
2026-04-28,EURAUD,1.65764
2026-04-29,EURAUD,1.6604
2026-04-30,EURAUD,1.66421
2026-05-01,EURAUD,1.66741
2026-05-02,EURAUD,1.66714
2026-05-03,EURAUD,1.6604
2026-05-04,EURAUD,1.67063
2026-05-05,EURAUD,1.66356
2026-05-06,EURAUD,1.66568
2026-05-07,EURAUD,1.65463
2026-05-08,EURAUD,1.65946
2026-05-09,EURAUD,1.66284
2025-08-23,USDSEK,10.539
2025-08-24,USDSEK,10.521
2025-08-25,USDSEK,10.583
2025-08-26,USDSEK,10.607
2025-08-27,USDSEK,10.591
2025-08-28,USDSEK,10.548
2025-08-29,USDSEK,10.603
2025-08-30,USDSEK,10.616
2025-08-31,USDSEK,10.694
2025-09-01,USDSEK,10.737
2025-09-02,USDSEK,10.684
2025-09-03,USDSEK,10.7
2025-09-04,USDSEK,10.736
2025-09-05,USDSEK,10.671
2025-09-06,USDSEK,10.729
2025-09-07,USDSEK,10.635
2025-09-08,USDSEK,10.789
2025-09-09,USDSEK,10.787
2025-09-10,USDSEK,10.772
2025-09-11,USDSEK,10.691
2025-09-12,USDSEK,10.664
2025-09-13,USDSEK,10.687
2025-09-14,USDSEK,10.734
2025-09-15,USDSEK,10.641
2025-09-16,USDSEK,10.735
2025-09-17,USDSEK,10.798
2025-09-18,USDSEK,10.794
2025-09-19,USDSEK,10.731
2025-09-20,USDSEK,10.663
2025-09-21,USDSEK,10.71
2025-09-22,USDSEK,10.781
2025-09-23,USDSEK,10.797
2025-09-24,USDSEK,10.776
2025-09-25,USDSEK,10.77
2025-09-26,USDSEK,10.837
2025-09-27,USDSEK,10.818
2025-09-28,USDSEK,10.88
2025-09-29,USDSEK,10.903
2025-09-30,USDSEK,10.923
2025-10-01,USDSEK,11.013
2025-10-02,USDSEK,10.981
2025-10-03,USDSEK,10.982
2025-10-04,USDSEK,11.035
2025-10-05,USDSEK,11.023
2025-10-06,USDSEK,11.092
2025-10-07,USDSEK,11.109
2025-10-08,USDSEK,11.153
2025-10-09,USDSEK,11.266
2025-10-10,USDSEK,11.234
2025-10-11,USDSEK,11.224
2025-10-12,USDSEK,11.226
2025-10-13,USDSEK,11.266
2025-10-14,USDSEK,11.333
2025-10-15,USDSEK,11.314
2025-10-16,USDSEK,11.383
2025-10-17,USDSEK,11.356
2025-10-18,USDSEK,11.324
2025-10-19,USDSEK,11.273
2025-10-20,USDSEK,11.376
2025-10-21,USDSEK,11.197
2025-10-22,USDSEK,11.221
2025-10-23,USDSEK,11.294
2025-10-24,USDSEK,11.143
2025-10-25,USDSEK,11.135
2025-10-26,USDSEK,11.197
2025-10-27,USDSEK,11.085
2025-10-28,USDSEK,11.061
2025-10-29,USDSEK,11.039
2025-10-30,USDSEK,10.913
2025-10-31,USDSEK,10.884
2025-11-01,USDSEK,10.899
2025-11-02,USDSEK,10.884
2025-11-03,USDSEK,10.754
2025-11-04,USDSEK,10.733
2025-11-05,USDSEK,10.653
2025-11-06,USDSEK,10.598
2025-11-07,USDSEK,10.595
2025-11-08,USDSEK,10.604
2025-11-09,USDSEK,10.43
2025-11-10,USDSEK,10.4
2025-11-11,USDSEK,10.482
2025-11-12,USDSEK,10.459
2025-11-13,USDSEK,10.417
2025-11-14,USDSEK,10.412
2025-11-15,USDSEK,10.372
2025-11-16,USDSEK,10.292
2025-11-17,USDSEK,10.321
2025-11-18,USDSEK,10.274
2025-11-19,USDSEK,10.334
2025-11-20,USDSEK,10.338
2025-11-21,USDSEK,10.334
2025-11-22,USDSEK,10.37
2025-11-23,USDSEK,10.395
2025-11-24,USDSEK,10.334
2025-11-25,USDSEK,10.412
2025-11-26,USDSEK,10.451
2025-11-27,USDSEK,10.388
2025-11-28,USDSEK,10.515
2025-11-29,USDSEK,10.444
2025-11-30,USDSEK,10.575
2025-12-01,USDSEK,10.538
2025-12-02,USDSEK,10.619
2025-12-03,USDSEK,10.645
2025-12-04,USDSEK,10.651
2025-12-05,USDSEK,10.613
2025-12-06,USDSEK,10.727
2025-12-07,USDSEK,10.691
2025-12-08,USDSEK,10.727
2025-12-09,USDSEK,10.754
2025-12-10,USDSEK,10.716
2025-12-11,USDSEK,10.744
2025-12-12,USDSEK,10.828
2025-12-13,USDSEK,10.847
2025-12-14,USDSEK,10.82
2025-12-15,USDSEK,10.888
2025-12-16,USDSEK,10.83
2025-12-17,USDSEK,10.834
2025-12-18,USDSEK,10.853
2025-12-19,USDSEK,10.93
2025-12-20,USDSEK,10.909
2025-12-21,USDSEK,10.822
2025-12-22,USDSEK,10.852
2025-12-23,USDSEK,10.853
2025-12-24,USDSEK,10.928
2025-12-25,USDSEK,10.871
2025-12-26,USDSEK,10.808
2025-12-27,USDSEK,10.921
2025-12-28,USDSEK,10.814
2025-12-29,USDSEK,10.879
2025-12-30,USDSEK,10.822
2025-12-31,USDSEK,10.951
2026-01-01,USDSEK,10.936
2026-01-02,USDSEK,10.974
2026-01-03,USDSEK,10.893
2026-01-04,USDSEK,10.99
2026-01-05,USDSEK,10.957
2026-01-06,USDSEK,10.921
2026-01-07,USDSEK,11.039
2026-01-08,USDSEK,10.974
2026-01-09,USDSEK,10.993
2026-01-10,USDSEK,11.092
2026-01-11,USDSEK,11.045
2026-01-12,USDSEK,11.143
2026-01-13,USDSEK,11.013
2026-01-14,USDSEK,11.036
2026-01-15,USDSEK,11.098
2026-01-16,USDSEK,11.089
2026-01-17,USDSEK,11.223
2026-01-18,USDSEK,11.151
2026-01-19,USDSEK,11.28
2026-01-20,USDSEK,11.237
2026-01-21,USDSEK,11.275
2026-01-22,USDSEK,11.231
2026-01-23,USDSEK,11.179
2026-01-24,USDSEK,11.179
2026-01-25,USDSEK,11.17
2026-01-26,USDSEK,11.168
2026-01-27,USDSEK,11.144
2026-01-28,USDSEK,11.205
2026-01-29,USDSEK,11.166
2026-01-30,USDSEK,11.187
2026-01-31,USDSEK,11.146
2026-02-01,USDSEK,11.012
2026-02-02,USDSEK,11.076
2026-02-03,USDSEK,11.012
2026-02-04,USDSEK,10.977
2026-02-05,USDSEK,10.91
2026-02-06,USDSEK,10.886
2026-02-07,USDSEK,10.749
2026-02-08,USDSEK,10.821
2026-02-09,USDSEK,10.789
2026-02-10,USDSEK,10.672
2026-02-11,USDSEK,10.614
2026-02-12,USDSEK,10.541
2026-02-13,USDSEK,10.585
2026-02-14,USDSEK,10.559
2026-02-15,USDSEK,10.427
2026-02-16,USDSEK,10.443
2026-02-17,USDSEK,10.446
2026-02-18,USDSEK,10.396
2026-02-19,USDSEK,10.331
2026-02-20,USDSEK,10.325
2026-02-21,USDSEK,10.262
2026-02-22,USDSEK,10.252
2026-02-23,USDSEK,10.231
2026-02-24,USDSEK,10.285
2026-02-25,USDSEK,10.177
2026-02-26,USDSEK,10.224
2026-02-27,USDSEK,10.273
2026-02-28,USDSEK,10.321
2026-03-01,USDSEK,10.356
2026-03-02,USDSEK,10.347
2026-03-03,USDSEK,10.373
2026-03-04,USDSEK,10.282
2026-03-05,USDSEK,10.317
2026-03-06,USDSEK,10.369
2026-03-07,USDSEK,10.48
2026-03-08,USDSEK,10.405
2026-03-09,USDSEK,10.528
2026-03-10,USDSEK,10.575
2026-03-11,USDSEK,10.626
2026-03-12,USDSEK,10.664
2026-03-13,USDSEK,10.624
2026-03-14,USDSEK,10.771
2026-03-15,USDSEK,10.666
2026-03-16,USDSEK,10.834
2026-03-17,USDSEK,10.852
2026-03-18,USDSEK,10.922
2026-03-19,USDSEK,10.925
2026-03-20,USDSEK,10.941
2026-03-21,USDSEK,10.913
2026-03-22,USDSEK,10.877
2026-03-23,USDSEK,10.998
2026-03-24,USDSEK,10.99
2026-03-25,USDSEK,11.035
2026-03-26,USDSEK,11.037
2026-03-27,USDSEK,11.043
2026-03-28,USDSEK,11.014
2026-03-29,USDSEK,10.979
2026-03-30,USDSEK,11.036
2026-03-31,USDSEK,11.006
2026-04-01,USDSEK,10.96
2026-04-02,USDSEK,10.984
2026-04-03,USDSEK,11.086
2026-04-04,USDSEK,11
2026-04-05,USDSEK,11.022
2026-04-06,USDSEK,11.064
2026-04-07,USDSEK,10.96
2026-04-08,USDSEK,11.048
2026-04-09,USDSEK,10.898
2026-04-10,USDSEK,10.962
2026-04-11,USDSEK,11.001
2026-04-12,USDSEK,11.005
2026-04-13,USDSEK,11.019
2026-04-14,USDSEK,11.031
2026-04-15,USDSEK,11.024
2026-04-16,USDSEK,10.977
2026-04-17,USDSEK,11.047
2026-04-18,USDSEK,11.006
2026-04-19,USDSEK,11.03
2026-04-20,USDSEK,10.971
2026-04-21,USDSEK,11.021
2026-04-22,USDSEK,11.066
2026-04-23,USDSEK,11.093
2026-04-24,USDSEK,10.978
2026-04-25,USDSEK,11.066
2026-04-26,USDSEK,11.143
2026-04-27,USDSEK,11.128
2026-04-28,USDSEK,11.143
2026-04-29,USDSEK,11.066
2026-04-30,USDSEK,11.099
2026-05-01,USDSEK,11.176
2026-05-02,USDSEK,11.152
2026-05-03,USDSEK,11.053
2026-05-04,USDSEK,11.095
2026-05-05,USDSEK,11.105
2026-05-06,USDSEK,11.147
2026-05-07,USDSEK,11.046
2026-05-08,USDSEK,11.117
2026-05-09,USDSEK,11.028
2025-08-23,USDNOK,10.364
2025-08-24,USDNOK,10.369
2025-08-25,USDNOK,10.31
2025-08-26,USDNOK,10.303
2025-08-27,USDNOK,10.342
2025-08-28,USDNOK,10.403
2025-08-29,USDNOK,10.326
2025-08-30,USDNOK,10.428
2025-08-31,USDNOK,10.497
2025-09-01,USDNOK,10.499
2025-09-02,USDNOK,10.439
2025-09-03,USDNOK,10.372
2025-09-04,USDNOK,10.414
2025-09-05,USDNOK,10.475
2025-09-06,USDNOK,10.481
2025-09-07,USDNOK,10.447
2025-09-08,USDNOK,10.425
2025-09-09,USDNOK,10.47
2025-09-10,USDNOK,10.431
2025-09-11,USDNOK,10.468
2025-09-12,USDNOK,10.467
2025-09-13,USDNOK,10.461
2025-09-14,USDNOK,10.522
2025-09-15,USDNOK,10.466
2025-09-16,USDNOK,10.442
2025-09-17,USDNOK,10.469
2025-09-18,USDNOK,10.436
2025-09-19,USDNOK,10.483
2025-09-20,USDNOK,10.483
2025-09-21,USDNOK,10.51
2025-09-22,USDNOK,10.607
2025-09-23,USDNOK,10.571
2025-09-24,USDNOK,10.56
2025-09-25,USDNOK,10.565
2025-09-26,USDNOK,10.61
2025-09-27,USDNOK,10.685
2025-09-28,USDNOK,10.684
2025-09-29,USDNOK,10.772
2025-09-30,USDNOK,10.772
2025-10-01,USDNOK,10.773
2025-10-02,USDNOK,10.759
2025-10-03,USDNOK,10.896
2025-10-04,USDNOK,10.767
2025-10-05,USDNOK,10.835
2025-10-06,USDNOK,10.954
2025-10-07,USDNOK,10.857
2025-10-08,USDNOK,10.899
2025-10-09,USDNOK,11.012
2025-10-10,USDNOK,10.954
2025-10-11,USDNOK,10.981
2025-10-12,USDNOK,11.01
2025-10-13,USDNOK,10.933
2025-10-14,USDNOK,10.95
2025-10-15,USDNOK,11.008
2025-10-16,USDNOK,11.033
2025-10-17,USDNOK,10.937
2025-10-18,USDNOK,10.947
2025-10-19,USDNOK,10.891
2025-10-20,USDNOK,10.856
2025-10-21,USDNOK,10.869
2025-10-22,USDNOK,10.888
2025-10-23,USDNOK,10.712
2025-10-24,USDNOK,10.679
2025-10-25,USDNOK,10.755
2025-10-26,USDNOK,10.718
2025-10-27,USDNOK,10.655
2025-10-28,USDNOK,10.625
2025-10-29,USDNOK,10.555
2025-10-30,USDNOK,10.439
2025-10-31,USDNOK,10.43
2025-11-01,USDNOK,10.34
2025-11-02,USDNOK,10.355
2025-11-03,USDNOK,10.312
2025-11-04,USDNOK,10.259
2025-11-05,USDNOK,10.245
2025-11-06,USDNOK,10.218
2025-11-07,USDNOK,10.109
2025-11-08,USDNOK,10.135
2025-11-09,USDNOK,10.125
2025-11-10,USDNOK,10.017
2025-11-11,USDNOK,10.095
2025-11-12,USDNOK,9.986
2025-11-13,USDNOK,10.074
2025-11-14,USDNOK,10.004
2025-11-15,USDNOK,10.052
2025-11-16,USDNOK,10.05
2025-11-17,USDNOK,10.034
2025-11-18,USDNOK,9.982
2025-11-19,USDNOK,10.076
2025-11-20,USDNOK,10.034
2025-11-21,USDNOK,10.065
2025-11-22,USDNOK,10.091
2025-11-23,USDNOK,10.061
2025-11-24,USDNOK,10.095
2025-11-25,USDNOK,10.187
2025-11-26,USDNOK,10.221
2025-11-27,USDNOK,10.214
2025-11-28,USDNOK,10.3
2025-11-29,USDNOK,10.268
2025-11-30,USDNOK,10.296
2025-12-01,USDNOK,10.34
2025-12-02,USDNOK,10.44
2025-12-03,USDNOK,10.447
2025-12-04,USDNOK,10.39
2025-12-05,USDNOK,10.444
2025-12-06,USDNOK,10.469
2025-12-07,USDNOK,10.564
2025-12-08,USDNOK,10.529
2025-12-09,USDNOK,10.486
2025-12-10,USDNOK,10.61
2025-12-11,USDNOK,10.518
2025-12-12,USDNOK,10.59
2025-12-13,USDNOK,10.54
2025-12-14,USDNOK,10.668
2025-12-15,USDNOK,10.652
2025-12-16,USDNOK,10.684
2025-12-17,USDNOK,10.597
2025-12-18,USDNOK,10.681
2025-12-19,USDNOK,10.635
2025-12-20,USDNOK,10.585
2025-12-21,USDNOK,10.681
2025-12-22,USDNOK,10.6
2025-12-23,USDNOK,10.598
2025-12-24,USDNOK,10.673
2025-12-25,USDNOK,10.607
2025-12-26,USDNOK,10.681
2025-12-27,USDNOK,10.538
2025-12-28,USDNOK,10.543
2025-12-29,USDNOK,10.587
2025-12-30,USDNOK,10.566
2025-12-31,USDNOK,10.684
2026-01-01,USDNOK,10.609
2026-01-02,USDNOK,10.729
2026-01-03,USDNOK,10.69
2026-01-04,USDNOK,10.731
2026-01-05,USDNOK,10.699
2026-01-06,USDNOK,10.663
2026-01-07,USDNOK,10.681
2026-01-08,USDNOK,10.696
2026-01-09,USDNOK,10.72
2026-01-10,USDNOK,10.726
2026-01-11,USDNOK,10.82
2026-01-12,USDNOK,10.818
2026-01-13,USDNOK,10.879
2026-01-14,USDNOK,10.881
2026-01-15,USDNOK,10.793
2026-01-16,USDNOK,10.901
2026-01-17,USDNOK,10.885
2026-01-18,USDNOK,10.896
2026-01-19,USDNOK,10.874
2026-01-20,USDNOK,10.894
2026-01-21,USDNOK,10.799
2026-01-22,USDNOK,10.912
2026-01-23,USDNOK,10.916
2026-01-24,USDNOK,10.832
2026-01-25,USDNOK,10.803
2026-01-26,USDNOK,10.754
2026-01-27,USDNOK,10.819
2026-01-28,USDNOK,10.808
2026-01-29,USDNOK,10.683
2026-01-30,USDNOK,10.704
2026-01-31,USDNOK,10.705
2026-02-01,USDNOK,10.647
2026-02-02,USDNOK,10.568
2026-02-03,USDNOK,10.543
2026-02-04,USDNOK,10.454
2026-02-05,USDNOK,10.415
2026-02-06,USDNOK,10.361
2026-02-07,USDNOK,10.377
2026-02-08,USDNOK,10.226
2026-02-09,USDNOK,10.228
2026-02-10,USDNOK,10.228
2026-02-11,USDNOK,10.225
2026-02-12,USDNOK,10.207
2026-02-13,USDNOK,10.145
2026-02-14,USDNOK,10.117
2026-02-15,USDNOK,9.975
2026-02-16,USDNOK,9.956
2026-02-17,USDNOK,9.956
2026-02-18,USDNOK,10.014
2026-02-19,USDNOK,9.897
2026-02-20,USDNOK,9.971
2026-02-21,USDNOK,9.976
2026-02-22,USDNOK,9.989
2026-02-23,USDNOK,9.994
2026-02-24,USDNOK,9.931
2026-02-25,USDNOK,10.047
2026-02-26,USDNOK,9.932
2026-02-27,USDNOK,10.077
2026-02-28,USDNOK,10.087
2026-03-01,USDNOK,10.151
2026-03-02,USDNOK,10.157
2026-03-03,USDNOK,10.18
2026-03-04,USDNOK,10.167
2026-03-05,USDNOK,10.15
2026-03-06,USDNOK,10.284
2026-03-07,USDNOK,10.3
2026-03-08,USDNOK,10.37
2026-03-09,USDNOK,10.401
2026-03-10,USDNOK,10.439
2026-03-11,USDNOK,10.445
2026-03-12,USDNOK,10.446
2026-03-13,USDNOK,10.535
2026-03-14,USDNOK,10.541
2026-03-15,USDNOK,10.531
2026-03-16,USDNOK,10.587
2026-03-17,USDNOK,10.718
2026-03-18,USDNOK,10.664
2026-03-19,USDNOK,10.712
2026-03-20,USDNOK,10.778
2026-03-21,USDNOK,10.697
2026-03-22,USDNOK,10.802
2026-03-23,USDNOK,10.669
2026-03-24,USDNOK,10.742
2026-03-25,USDNOK,10.787
2026-03-26,USDNOK,10.794
2026-03-27,USDNOK,10.807
2026-03-28,USDNOK,10.815
2026-03-29,USDNOK,10.801
2026-03-30,USDNOK,10.745
2026-03-31,USDNOK,10.8
2026-04-01,USDNOK,10.746
2026-04-02,USDNOK,10.753
2026-04-03,USDNOK,10.677
2026-04-04,USDNOK,10.708
2026-04-05,USDNOK,10.732
2026-04-06,USDNOK,10.741
2026-04-07,USDNOK,10.612
2026-04-08,USDNOK,10.681
2026-04-09,USDNOK,10.741
2026-04-10,USDNOK,10.715
2026-04-11,USDNOK,10.72
2026-04-12,USDNOK,10.64
2026-04-13,USDNOK,10.669
2026-04-14,USDNOK,10.744
2026-04-15,USDNOK,10.725
2026-04-16,USDNOK,10.638
2026-04-17,USDNOK,10.691
2026-04-18,USDNOK,10.717
2026-04-19,USDNOK,10.777
2026-04-20,USDNOK,10.703
2026-04-21,USDNOK,10.798
2026-04-22,USDNOK,10.741
2026-04-23,USDNOK,10.705
2026-04-24,USDNOK,10.82
2026-04-25,USDNOK,10.767
2026-04-26,USDNOK,10.764
2026-04-27,USDNOK,10.752
2026-04-28,USDNOK,10.711
2026-04-29,USDNOK,10.717
2026-04-30,USDNOK,10.701
2026-05-01,USDNOK,10.791
2026-05-02,USDNOK,10.785
2026-05-03,USDNOK,10.793
2026-05-04,USDNOK,10.679
2026-05-05,USDNOK,10.75
2026-05-06,USDNOK,10.683
2026-05-07,USDNOK,10.634
2026-05-08,USDNOK,10.673
2026-05-09,USDNOK,10.641
2025-08-23,USDMXN,17.107
2025-08-24,USDMXN,17.075
2025-08-25,USDMXN,17.165
2025-08-26,USDMXN,17.188
2025-08-27,USDMXN,17.201
2025-08-28,USDMXN,17.319
2025-08-29,USDMXN,17.239
2025-08-30,USDMXN,17.209
2025-08-31,USDMXN,17.256
2025-09-01,USDMXN,17.199
2025-09-02,USDMXN,17.267
2025-09-03,USDMXN,17.254
2025-09-04,USDMXN,17.28
2025-09-05,USDMXN,17.417
2025-09-06,USDMXN,17.331
2025-09-07,USDMXN,17.281
2025-09-08,USDMXN,17.256
2025-09-09,USDMXN,17.293
2025-09-10,USDMXN,17.377
2025-09-11,USDMXN,17.337
2025-09-12,USDMXN,17.44
2025-09-13,USDMXN,17.403
2025-09-14,USDMXN,17.369
2025-09-15,USDMXN,17.313
2025-09-16,USDMXN,17.504
2025-09-17,USDMXN,17.271
2025-09-18,USDMXN,17.359
2025-09-19,USDMXN,17.535
2025-09-20,USDMXN,17.371
2025-09-21,USDMXN,17.438
2025-09-22,USDMXN,17.624
2025-09-23,USDMXN,17.544
2025-09-24,USDMXN,17.609
2025-09-25,USDMXN,17.684
2025-09-26,USDMXN,17.595
2025-09-27,USDMXN,17.665
2025-09-28,USDMXN,17.809
2025-09-29,USDMXN,17.906
2025-09-30,USDMXN,17.813
2025-10-01,USDMXN,17.898
2025-10-02,USDMXN,17.879
2025-10-03,USDMXN,17.897
2025-10-04,USDMXN,17.999
2025-10-05,USDMXN,18.111
2025-10-06,USDMXN,17.901
2025-10-07,USDMXN,17.928
2025-10-08,USDMXN,18.138
2025-10-09,USDMXN,18.155
2025-10-10,USDMXN,18.127
2025-10-11,USDMXN,18.149
2025-10-12,USDMXN,18.095
2025-10-13,USDMXN,17.958
2025-10-14,USDMXN,17.997
2025-10-15,USDMXN,17.89
2025-10-16,USDMXN,17.955
2025-10-17,USDMXN,17.91
2025-10-18,USDMXN,17.839
2025-10-19,USDMXN,17.826
2025-10-20,USDMXN,17.781
2025-10-21,USDMXN,17.582
2025-10-22,USDMXN,17.611
2025-10-23,USDMXN,17.565
2025-10-24,USDMXN,17.343
2025-10-25,USDMXN,17.432
2025-10-26,USDMXN,17.192
2025-10-27,USDMXN,17.282
2025-10-28,USDMXN,17.096
2025-10-29,USDMXN,17.104
2025-10-30,USDMXN,17.024
2025-10-31,USDMXN,16.916
2025-11-01,USDMXN,16.745
2025-11-02,USDMXN,16.818
2025-11-03,USDMXN,16.663
2025-11-04,USDMXN,16.629
2025-11-05,USDMXN,16.589
2025-11-06,USDMXN,16.459
2025-11-07,USDMXN,16.438
2025-11-08,USDMXN,16.514
2025-11-09,USDMXN,16.501
2025-11-10,USDMXN,16.428
2025-11-11,USDMXN,16.509
2025-11-12,USDMXN,16.409
2025-11-13,USDMXN,16.413
2025-11-14,USDMXN,16.448
2025-11-15,USDMXN,16.58
2025-11-16,USDMXN,16.571
2025-11-17,USDMXN,16.47
2025-11-18,USDMXN,16.552
2025-11-19,USDMXN,16.595
2025-11-20,USDMXN,16.757
2025-11-21,USDMXN,16.719
2025-11-22,USDMXN,16.673
2025-11-23,USDMXN,16.901
2025-11-24,USDMXN,16.789
2025-11-25,USDMXN,16.941
2025-11-26,USDMXN,16.904
2025-11-27,USDMXN,17.153
2025-11-28,USDMXN,17.175
2025-11-29,USDMXN,17.275
2025-11-30,USDMXN,17.182
2025-12-01,USDMXN,17.365
2025-12-02,USDMXN,17.338
2025-12-03,USDMXN,17.3
2025-12-04,USDMXN,17.499
2025-12-05,USDMXN,17.403
2025-12-06,USDMXN,17.434
2025-12-07,USDMXN,17.586
2025-12-08,USDMXN,17.501
2025-12-09,USDMXN,17.641
2025-12-10,USDMXN,17.418
2025-12-11,USDMXN,17.433
2025-12-12,USDMXN,17.507
2025-12-13,USDMXN,17.469
2025-12-14,USDMXN,17.654
2025-12-15,USDMXN,17.516
2025-12-16,USDMXN,17.694
2025-12-17,USDMXN,17.606
2025-12-18,USDMXN,17.647
2025-12-19,USDMXN,17.565
2025-12-20,USDMXN,17.476
2025-12-21,USDMXN,17.473
2025-12-22,USDMXN,17.465
2025-12-23,USDMXN,17.472
2025-12-24,USDMXN,17.453
2025-12-25,USDMXN,17.577
2025-12-26,USDMXN,17.551
2025-12-27,USDMXN,17.628
2025-12-28,USDMXN,17.617
2025-12-29,USDMXN,17.464
2025-12-30,USDMXN,17.634
2025-12-31,USDMXN,17.609
2026-01-01,USDMXN,17.635
2026-01-02,USDMXN,17.614
2026-01-03,USDMXN,17.669
2026-01-04,USDMXN,17.542
2026-01-05,USDMXN,17.761
2026-01-06,USDMXN,17.81
2026-01-07,USDMXN,17.719
2026-01-08,USDMXN,17.725
2026-01-09,USDMXN,17.702
2026-01-10,USDMXN,17.871
2026-01-11,USDMXN,17.921
2026-01-12,USDMXN,17.781
2026-01-13,USDMXN,17.886
2026-01-14,USDMXN,17.96
2026-01-15,USDMXN,17.934
2026-01-16,USDMXN,17.871
2026-01-17,USDMXN,17.898
2026-01-18,USDMXN,17.812
2026-01-19,USDMXN,17.807
2026-01-20,USDMXN,17.771
2026-01-21,USDMXN,17.85
2026-01-22,USDMXN,17.634
2026-01-23,USDMXN,17.674
2026-01-24,USDMXN,17.704
2026-01-25,USDMXN,17.72
2026-01-26,USDMXN,17.702
2026-01-27,USDMXN,17.596
2026-01-28,USDMXN,17.541
2026-01-29,USDMXN,17.28
2026-01-30,USDMXN,17.223
2026-01-31,USDMXN,17.189
2026-02-01,USDMXN,17.247
2026-02-02,USDMXN,16.994
2026-02-03,USDMXN,17.063
2026-02-04,USDMXN,17.005
2026-02-05,USDMXN,16.955
2026-02-06,USDMXN,16.886
2026-02-07,USDMXN,16.699
2026-02-08,USDMXN,16.808
2026-02-09,USDMXN,16.529
2026-02-10,USDMXN,16.682
2026-02-11,USDMXN,16.61
2026-02-12,USDMXN,16.626
2026-02-13,USDMXN,16.55
2026-02-14,USDMXN,16.503
2026-02-15,USDMXN,16.402
2026-02-16,USDMXN,16.3
2026-02-17,USDMXN,16.446
2026-02-18,USDMXN,16.409
2026-02-19,USDMXN,16.463
2026-02-20,USDMXN,16.464
2026-02-21,USDMXN,16.482
2026-02-22,USDMXN,16.459
2026-02-23,USDMXN,16.437
2026-02-24,USDMXN,16.56
2026-02-25,USDMXN,16.562
2026-02-26,USDMXN,16.547
2026-02-27,USDMXN,16.644
2026-02-28,USDMXN,16.867
2026-03-01,USDMXN,16.808
2026-03-02,USDMXN,16.915
2026-03-03,USDMXN,17.057
2026-03-04,USDMXN,16.973
2026-03-05,USDMXN,17.188
2026-03-06,USDMXN,17.03
2026-03-07,USDMXN,17.203
2026-03-08,USDMXN,17.335
2026-03-09,USDMXN,17.408
2026-03-10,USDMXN,17.49
2026-03-11,USDMXN,17.566
2026-03-12,USDMXN,17.604
2026-03-13,USDMXN,17.572
2026-03-14,USDMXN,17.719
2026-03-15,USDMXN,17.682
2026-03-16,USDMXN,17.742
2026-03-17,USDMXN,17.661
2026-03-18,USDMXN,17.75
2026-03-19,USDMXN,17.823
2026-03-20,USDMXN,17.864
2026-03-21,USDMXN,17.67
2026-03-22,USDMXN,17.799
2026-03-23,USDMXN,17.906
2026-03-24,USDMXN,17.864
2026-03-25,USDMXN,17.867
2026-03-26,USDMXN,17.725
2026-03-27,USDMXN,17.757
2026-03-28,USDMXN,17.862
2026-03-29,USDMXN,17.807
2026-03-30,USDMXN,17.636
2026-03-31,USDMXN,17.694
2026-04-01,USDMXN,17.708
2026-04-02,USDMXN,17.776
2026-04-03,USDMXN,17.624
2026-04-04,USDMXN,17.75
2026-04-05,USDMXN,17.629
2026-04-06,USDMXN,17.546
2026-04-07,USDMXN,17.715
2026-04-08,USDMXN,17.61
2026-04-09,USDMXN,17.595
2026-04-10,USDMXN,17.569
2026-04-11,USDMXN,17.5
2026-04-12,USDMXN,17.515
2026-04-13,USDMXN,17.5
2026-04-14,USDMXN,17.664
2026-04-15,USDMXN,17.678
2026-04-16,USDMXN,17.721
2026-04-17,USDMXN,17.568
2026-04-18,USDMXN,17.725
2026-04-19,USDMXN,17.658
2026-04-20,USDMXN,17.627
2026-04-21,USDMXN,17.744
2026-04-22,USDMXN,17.745
2026-04-23,USDMXN,17.618
2026-04-24,USDMXN,17.639
2026-04-25,USDMXN,17.542
2026-04-26,USDMXN,17.566
2026-04-27,USDMXN,17.519
2026-04-28,USDMXN,17.602
2026-04-29,USDMXN,17.694
2026-04-30,USDMXN,17.544
2026-05-01,USDMXN,17.551
2026-05-02,USDMXN,17.588
2026-05-03,USDMXN,17.428
2026-05-04,USDMXN,17.423
2026-05-05,USDMXN,17.451
2026-05-06,USDMXN,17.231
2026-05-07,USDMXN,17.412
2026-05-08,USDMXN,17.205
2026-05-09,USDMXN,17.297
2025-08-23,USDZAR,18.315
2025-08-24,USDZAR,18.432
2025-08-25,USDZAR,18.413
2025-08-26,USDZAR,18.541
2025-08-27,USDZAR,18.514
2025-08-28,USDZAR,18.485
2025-08-29,USDZAR,18.428
2025-08-30,USDZAR,18.626
2025-08-31,USDZAR,18.369
2025-09-01,USDZAR,18.447
2025-09-02,USDZAR,18.613
2025-09-03,USDZAR,18.414
2025-09-04,USDZAR,18.455
2025-09-05,USDZAR,18.62
2025-09-06,USDZAR,18.499
2025-09-07,USDZAR,18.53
2025-09-08,USDZAR,18.571
2025-09-09,USDZAR,18.439
2025-09-10,USDZAR,18.475
2025-09-11,USDZAR,18.59
2025-09-12,USDZAR,18.657
2025-09-13,USDZAR,18.531
2025-09-14,USDZAR,18.593
2025-09-15,USDZAR,18.553
2025-09-16,USDZAR,18.558
2025-09-17,USDZAR,18.655
2025-09-18,USDZAR,18.771
2025-09-19,USDZAR,18.56
2025-09-20,USDZAR,18.601
2025-09-21,USDZAR,18.841
2025-09-22,USDZAR,18.888
2025-09-23,USDZAR,18.896
2025-09-24,USDZAR,18.964
2025-09-25,USDZAR,18.961
2025-09-26,USDZAR,18.875
2025-09-27,USDZAR,18.981
2025-09-28,USDZAR,18.938
2025-09-29,USDZAR,19.082
2025-09-30,USDZAR,19.113
2025-10-01,USDZAR,19.12
2025-10-02,USDZAR,19.19
2025-10-03,USDZAR,19.227
2025-10-04,USDZAR,19.095
2025-10-05,USDZAR,19.21
2025-10-06,USDZAR,19.242
2025-10-07,USDZAR,19.075
2025-10-08,USDZAR,19.247
2025-10-09,USDZAR,19.048
2025-10-10,USDZAR,19.209
2025-10-11,USDZAR,19.056
2025-10-12,USDZAR,19.111
2025-10-13,USDZAR,19.058
2025-10-14,USDZAR,18.965
2025-10-15,USDZAR,18.791
2025-10-16,USDZAR,18.88
2025-10-17,USDZAR,18.703
2025-10-18,USDZAR,18.652
2025-10-19,USDZAR,18.583
2025-10-20,USDZAR,18.405
2025-10-21,USDZAR,18.34
2025-10-22,USDZAR,18.373
2025-10-23,USDZAR,18.299
2025-10-24,USDZAR,18.15
2025-10-25,USDZAR,18.165
2025-10-26,USDZAR,17.976
2025-10-27,USDZAR,17.895
2025-10-28,USDZAR,17.846
2025-10-29,USDZAR,17.898
2025-10-30,USDZAR,17.796
2025-10-31,USDZAR,17.595
2025-11-01,USDZAR,17.591
2025-11-02,USDZAR,17.547
2025-11-03,USDZAR,17.632
2025-11-04,USDZAR,17.509
2025-11-05,USDZAR,17.383
2025-11-06,USDZAR,17.548
2025-11-07,USDZAR,17.365
2025-11-08,USDZAR,17.464
2025-11-09,USDZAR,17.374
2025-11-10,USDZAR,17.587
2025-11-11,USDZAR,17.574
2025-11-12,USDZAR,17.649
2025-11-13,USDZAR,17.536
2025-11-14,USDZAR,17.713
2025-11-15,USDZAR,17.684
2025-11-16,USDZAR,17.652
2025-11-17,USDZAR,17.869
2025-11-18,USDZAR,17.794
2025-11-19,USDZAR,17.853
2025-11-20,USDZAR,18.044
2025-11-21,USDZAR,17.998
2025-11-22,USDZAR,18.187
2025-11-23,USDZAR,18.006
2025-11-24,USDZAR,18.073
2025-11-25,USDZAR,18.204
2025-11-26,USDZAR,18.219
2025-11-27,USDZAR,18.468
2025-11-28,USDZAR,18.379
2025-11-29,USDZAR,18.62
2025-11-30,USDZAR,18.579
2025-12-01,USDZAR,18.671
2025-12-02,USDZAR,18.629
2025-12-03,USDZAR,18.574
2025-12-04,USDZAR,18.606
2025-12-05,USDZAR,18.627
2025-12-06,USDZAR,18.658
2025-12-07,USDZAR,18.656
2025-12-08,USDZAR,18.799
2025-12-09,USDZAR,18.775
2025-12-10,USDZAR,18.857
2025-12-11,USDZAR,18.838
2025-12-12,USDZAR,18.662
2025-12-13,USDZAR,18.826
2025-12-14,USDZAR,18.776
2025-12-15,USDZAR,18.777
2025-12-16,USDZAR,18.727
2025-12-17,USDZAR,18.753
2025-12-18,USDZAR,18.586
2025-12-19,USDZAR,18.785
2025-12-20,USDZAR,18.804
2025-12-21,USDZAR,18.677
2025-12-22,USDZAR,18.654
2025-12-23,USDZAR,18.604
2025-12-24,USDZAR,18.76
2025-12-25,USDZAR,18.795
2025-12-26,USDZAR,18.636
2025-12-27,USDZAR,18.741
2025-12-28,USDZAR,18.819
2025-12-29,USDZAR,18.798
2025-12-30,USDZAR,18.747
2025-12-31,USDZAR,18.796
2026-01-01,USDZAR,18.734
2026-01-02,USDZAR,18.763
2026-01-03,USDZAR,18.766
2026-01-04,USDZAR,18.897
2026-01-05,USDZAR,18.721
2026-01-06,USDZAR,18.822
2026-01-07,USDZAR,18.917
2026-01-08,USDZAR,19
2026-01-09,USDZAR,19.051
2026-01-10,USDZAR,19.007
2026-01-11,USDZAR,19.02
2026-01-12,USDZAR,18.808
2026-01-13,USDZAR,18.816
2026-01-14,USDZAR,18.846
2026-01-15,USDZAR,18.975
2026-01-16,USDZAR,18.756
2026-01-17,USDZAR,18.888
2026-01-18,USDZAR,18.874
2026-01-19,USDZAR,18.861
2026-01-20,USDZAR,18.819
2026-01-21,USDZAR,18.637
2026-01-22,USDZAR,18.777
2026-01-23,USDZAR,18.474
2026-01-24,USDZAR,18.644
2026-01-25,USDZAR,18.552
2026-01-26,USDZAR,18.55
2026-01-27,USDZAR,18.435
2026-01-28,USDZAR,18.344
2026-01-29,USDZAR,18.183
2026-01-30,USDZAR,18.013
2026-01-31,USDZAR,18.11
2026-02-01,USDZAR,17.997
2026-02-02,USDZAR,17.978
2026-02-03,USDZAR,17.895
2026-02-04,USDZAR,17.827
2026-02-05,USDZAR,17.711
2026-02-06,USDZAR,17.594
2026-02-07,USDZAR,17.631
2026-02-08,USDZAR,17.539
2026-02-09,USDZAR,17.43
2026-02-10,USDZAR,17.442
2026-02-11,USDZAR,17.587
2026-02-12,USDZAR,17.442
2026-02-13,USDZAR,17.475
2026-02-14,USDZAR,17.549
2026-02-15,USDZAR,17.397
2026-02-16,USDZAR,17.559
2026-02-17,USDZAR,17.348
2026-02-18,USDZAR,17.483
2026-02-19,USDZAR,17.585
2026-02-20,USDZAR,17.636
2026-02-21,USDZAR,17.706
2026-02-22,USDZAR,17.778
2026-02-23,USDZAR,17.821
2026-02-24,USDZAR,17.802
2026-02-25,USDZAR,17.974
2026-02-26,USDZAR,17.967
2026-02-27,USDZAR,18.066
2026-02-28,USDZAR,18.028
2026-03-01,USDZAR,18.17
2026-03-02,USDZAR,18.303
2026-03-03,USDZAR,18.406
2026-03-04,USDZAR,18.271
2026-03-05,USDZAR,18.472
2026-03-06,USDZAR,18.653
2026-03-07,USDZAR,18.68
2026-03-08,USDZAR,18.754
2026-03-09,USDZAR,18.673
2026-03-10,USDZAR,18.774
2026-03-11,USDZAR,18.95
2026-03-12,USDZAR,18.951
2026-03-13,USDZAR,18.825
2026-03-14,USDZAR,18.937
2026-03-15,USDZAR,18.996
2026-03-16,USDZAR,19.107
2026-03-17,USDZAR,18.974
2026-03-18,USDZAR,19.135
2026-03-19,USDZAR,19.022
2026-03-20,USDZAR,18.941
2026-03-21,USDZAR,19.126
2026-03-22,USDZAR,19.01
2026-03-23,USDZAR,18.984
2026-03-24,USDZAR,18.94
2026-03-25,USDZAR,18.846
2026-03-26,USDZAR,18.838
2026-03-27,USDZAR,18.794
2026-03-28,USDZAR,18.939
2026-03-29,USDZAR,18.921
2026-03-30,USDZAR,18.934
2026-03-31,USDZAR,18.738
2026-04-01,USDZAR,18.872
2026-04-02,USDZAR,18.771
2026-04-03,USDZAR,18.711
2026-04-04,USDZAR,18.81
2026-04-05,USDZAR,18.792
2026-04-06,USDZAR,18.643
2026-04-07,USDZAR,18.656
2026-04-08,USDZAR,18.549
2026-04-09,USDZAR,18.577
2026-04-10,USDZAR,18.536
2026-04-11,USDZAR,18.639
2026-04-12,USDZAR,18.758
2026-04-13,USDZAR,18.625
2026-04-14,USDZAR,18.666
2026-04-15,USDZAR,18.744
2026-04-16,USDZAR,18.616
2026-04-17,USDZAR,18.657
2026-04-18,USDZAR,18.739
2026-04-19,USDZAR,18.556
2026-04-20,USDZAR,18.806
2026-04-21,USDZAR,18.639
2026-04-22,USDZAR,18.795
2026-04-23,USDZAR,18.549
2026-04-24,USDZAR,18.541
2026-04-25,USDZAR,18.697
2026-04-26,USDZAR,18.764
2026-04-27,USDZAR,18.573
2026-04-28,USDZAR,18.609
2026-04-29,USDZAR,18.502
2026-04-30,USDZAR,18.387
2026-05-01,USDZAR,18.431
2026-05-02,USDZAR,18.376
2026-05-03,USDZAR,18.261
2026-05-04,USDZAR,18.19
2026-05-05,USDZAR,18.316
2026-05-06,USDZAR,18.281
2026-05-07,USDZAR,18.114
2026-05-08,USDZAR,18.067
2026-05-09,USDZAR,18.124
2025-08-23,USDTRY,32.164
2025-08-24,USDTRY,32.257
2025-08-25,USDTRY,32.477
2025-08-26,USDTRY,32.606
2025-08-27,USDTRY,32.384
2025-08-28,USDTRY,32.483
2025-08-29,USDTRY,32.393
2025-08-30,USDTRY,32.372
2025-08-31,USDTRY,32.503
2025-09-01,USDTRY,32.658
2025-09-02,USDTRY,32.239
2025-09-03,USDTRY,32.255
2025-09-04,USDTRY,32.61
2025-09-05,USDTRY,32.629
2025-09-06,USDTRY,32.579
2025-09-07,USDTRY,32.633
2025-09-08,USDTRY,32.567
2025-09-09,USDTRY,32.365
2025-09-10,USDTRY,32.498
2025-09-11,USDTRY,32.381
2025-09-12,USDTRY,32.593
2025-09-13,USDTRY,32.623
2025-09-14,USDTRY,32.62
2025-09-15,USDTRY,32.738
2025-09-16,USDTRY,32.811
2025-09-17,USDTRY,32.611
2025-09-18,USDTRY,32.844
2025-09-19,USDTRY,32.948
2025-09-20,USDTRY,32.725
2025-09-21,USDTRY,33.095
2025-09-22,USDTRY,32.842
2025-09-23,USDTRY,33.218
2025-09-24,USDTRY,33.063
2025-09-25,USDTRY,33.277
2025-09-26,USDTRY,33.311
2025-09-27,USDTRY,33.281
2025-09-28,USDTRY,33.112
2025-09-29,USDTRY,33.41
2025-09-30,USDTRY,33.238
2025-10-01,USDTRY,33.287
2025-10-02,USDTRY,33.302
2025-10-03,USDTRY,33.116
2025-10-04,USDTRY,33.125
2025-10-05,USDTRY,33.303
2025-10-06,USDTRY,33.278
2025-10-07,USDTRY,33.105
2025-10-08,USDTRY,33.219
2025-10-09,USDTRY,32.944
2025-10-10,USDTRY,32.851
2025-10-11,USDTRY,32.8
2025-10-12,USDTRY,32.918
2025-10-13,USDTRY,32.736
2025-10-14,USDTRY,32.353
2025-10-15,USDTRY,32.317
2025-10-16,USDTRY,32.189
2025-10-17,USDTRY,32.279
2025-10-18,USDTRY,31.973
2025-10-19,USDTRY,31.648
2025-10-20,USDTRY,31.837
2025-10-21,USDTRY,31.384
2025-10-22,USDTRY,31.428
2025-10-23,USDTRY,31.124
2025-10-24,USDTRY,31.353
2025-10-25,USDTRY,31.171
2025-10-26,USDTRY,31.143
2025-10-27,USDTRY,30.78
2025-10-28,USDTRY,30.927
2025-10-29,USDTRY,30.715
2025-10-30,USDTRY,30.502
2025-10-31,USDTRY,30.725
2025-11-01,USDTRY,30.45
2025-11-02,USDTRY,30.417
2025-11-03,USDTRY,30.616
2025-11-04,USDTRY,30.424
2025-11-05,USDTRY,30.643
2025-11-06,USDTRY,30.25
2025-11-07,USDTRY,30.29
2025-11-08,USDTRY,30.452
2025-11-09,USDTRY,30.434
2025-11-10,USDTRY,30.823
2025-11-11,USDTRY,30.662
2025-11-12,USDTRY,31.068
2025-11-13,USDTRY,31.017
2025-11-14,USDTRY,31.202
2025-11-15,USDTRY,31.176
2025-11-16,USDTRY,31.141
2025-11-17,USDTRY,31.263
2025-11-18,USDTRY,31.374
2025-11-19,USDTRY,31.513
2025-11-20,USDTRY,31.602
2025-11-21,USDTRY,31.944
2025-11-22,USDTRY,32.006
2025-11-23,USDTRY,32.252
2025-11-24,USDTRY,32.324
2025-11-25,USDTRY,32.127
2025-11-26,USDTRY,32.511
2025-11-27,USDTRY,32.523
2025-11-28,USDTRY,32.618
2025-11-29,USDTRY,32.615
2025-11-30,USDTRY,32.739
2025-12-01,USDTRY,32.515
2025-12-02,USDTRY,32.922
2025-12-03,USDTRY,33.003
2025-12-04,USDTRY,32.816
2025-12-05,USDTRY,32.801
2025-12-06,USDTRY,32.728
2025-12-07,USDTRY,33.005
2025-12-08,USDTRY,33.058
2025-12-09,USDTRY,32.762
2025-12-10,USDTRY,32.917
2025-12-11,USDTRY,33.019
2025-12-12,USDTRY,32.94
2025-12-13,USDTRY,32.801
2025-12-14,USDTRY,32.834
2025-12-15,USDTRY,32.67
2025-12-16,USDTRY,32.664
2025-12-17,USDTRY,32.613
2025-12-18,USDTRY,32.787
2025-12-19,USDTRY,32.431
2025-12-20,USDTRY,32.561
2025-12-21,USDTRY,32.684
2025-12-22,USDTRY,32.797
2025-12-23,USDTRY,32.861
2025-12-24,USDTRY,32.774
2025-12-25,USDTRY,32.794
2025-12-26,USDTRY,32.436
2025-12-27,USDTRY,32.471
2025-12-28,USDTRY,32.556
2025-12-29,USDTRY,32.822
2025-12-30,USDTRY,32.499
2025-12-31,USDTRY,32.794
2026-01-01,USDTRY,32.847
2026-01-02,USDTRY,32.911
2026-01-03,USDTRY,32.934
2026-01-04,USDTRY,32.716
2026-01-05,USDTRY,33.071
2026-01-06,USDTRY,32.65
2026-01-07,USDTRY,33.066
2026-01-08,USDTRY,33.02
2026-01-09,USDTRY,33.134
2026-01-10,USDTRY,33.044
2026-01-11,USDTRY,32.99
2026-01-12,USDTRY,32.806
2026-01-13,USDTRY,32.596
2026-01-14,USDTRY,32.86
2026-01-15,USDTRY,32.732
2026-01-16,USDTRY,32.764
2026-01-17,USDTRY,32.667
2026-01-18,USDTRY,32.581
2026-01-19,USDTRY,32.393
2026-01-20,USDTRY,32.186
2026-01-21,USDTRY,32.246
2026-01-22,USDTRY,32.053
2026-01-23,USDTRY,31.814
2026-01-24,USDTRY,31.777
2026-01-25,USDTRY,31.968
2026-01-26,USDTRY,31.615
2026-01-27,USDTRY,31.571
2026-01-28,USDTRY,31.588
2026-01-29,USDTRY,31.188
2026-01-30,USDTRY,31.339
2026-01-31,USDTRY,30.817
2026-02-01,USDTRY,30.902
2026-02-02,USDTRY,30.922
2026-02-03,USDTRY,30.848
2026-02-04,USDTRY,30.805
2026-02-05,USDTRY,30.765
2026-02-06,USDTRY,30.678
2026-02-07,USDTRY,30.489
2026-02-08,USDTRY,30.631
2026-02-09,USDTRY,30.476
2026-02-10,USDTRY,30.51
2026-02-11,USDTRY,30.326
2026-02-12,USDTRY,30.454
2026-02-13,USDTRY,30.58
2026-02-14,USDTRY,30.67
2026-02-15,USDTRY,30.379
2026-02-16,USDTRY,30.663
2026-02-17,USDTRY,30.93
2026-02-18,USDTRY,30.957
2026-02-19,USDTRY,31.079
2026-02-20,USDTRY,30.961
2026-02-21,USDTRY,31.159
2026-02-22,USDTRY,31.498
2026-02-23,USDTRY,31.561
2026-02-24,USDTRY,31.425
2026-02-25,USDTRY,31.699
2026-02-26,USDTRY,31.894
2026-02-27,USDTRY,32.189
2026-02-28,USDTRY,32.08
2026-03-01,USDTRY,32.475
2026-03-02,USDTRY,32.409
2026-03-03,USDTRY,32.402
2026-03-04,USDTRY,32.85
2026-03-05,USDTRY,32.781
2026-03-06,USDTRY,32.863
2026-03-07,USDTRY,32.911
2026-03-08,USDTRY,32.865
2026-03-09,USDTRY,32.961
2026-03-10,USDTRY,32.986
2026-03-11,USDTRY,33.336
2026-03-12,USDTRY,33.386
2026-03-13,USDTRY,33.48
2026-03-14,USDTRY,33.191
2026-03-15,USDTRY,33.475
2026-03-16,USDTRY,33.329
2026-03-17,USDTRY,33.241
2026-03-18,USDTRY,33.427
2026-03-19,USDTRY,33.389
2026-03-20,USDTRY,33.109
2026-03-21,USDTRY,33.107
2026-03-22,USDTRY,32.881
2026-03-23,USDTRY,32.889
2026-03-24,USDTRY,32.767
2026-03-25,USDTRY,32.893
2026-03-26,USDTRY,33.045
2026-03-27,USDTRY,32.751
2026-03-28,USDTRY,32.762
2026-03-29,USDTRY,32.84
2026-03-30,USDTRY,32.561
2026-03-31,USDTRY,32.582
2026-04-01,USDTRY,32.678
2026-04-02,USDTRY,32.321
2026-04-03,USDTRY,32.726
2026-04-04,USDTRY,32.414
2026-04-05,USDTRY,32.673
2026-04-06,USDTRY,32.243
2026-04-07,USDTRY,32.238
2026-04-08,USDTRY,32.529
2026-04-09,USDTRY,32.675
2026-04-10,USDTRY,32.384
2026-04-11,USDTRY,32.497
2026-04-12,USDTRY,32.368
2026-04-13,USDTRY,32.233
2026-04-14,USDTRY,32.385
2026-04-15,USDTRY,32.368
2026-04-16,USDTRY,32.25
2026-04-17,USDTRY,32.212
2026-04-18,USDTRY,32.526
2026-04-19,USDTRY,32.554
2026-04-20,USDTRY,32.347
2026-04-21,USDTRY,32.348
2026-04-22,USDTRY,32.534
2026-04-23,USDTRY,32.221
2026-04-24,USDTRY,32.332
2026-04-25,USDTRY,32.504
2026-04-26,USDTRY,32.401
2026-04-27,USDTRY,32.175
2026-04-28,USDTRY,31.852
2026-04-29,USDTRY,32.06
2026-04-30,USDTRY,32.003
2026-05-01,USDTRY,31.813
2026-05-02,USDTRY,31.838
2026-05-03,USDTRY,31.859
2026-05-04,USDTRY,31.807
2026-05-05,USDTRY,31.395
2026-05-06,USDTRY,31.344
2026-05-07,USDTRY,31.104
2026-05-08,USDTRY,31.375
2026-05-09,USDTRY,30.963
2025-08-23,USDCNH,7.29274
2025-08-24,USDCNH,7.324
2025-08-25,USDCNH,7.29681
2025-08-26,USDCNH,7.34152
2025-08-27,USDCNH,7.34279
2025-08-28,USDCNH,7.33487
2025-08-29,USDCNH,7.35215
2025-08-30,USDCNH,7.35809
2025-08-31,USDCNH,7.30136
2025-09-01,USDCNH,7.34066
2025-09-02,USDCNH,7.35052
2025-09-03,USDCNH,7.28741
2025-09-04,USDCNH,7.3564
2025-09-05,USDCNH,7.28711
2025-09-06,USDCNH,7.35855
2025-09-07,USDCNH,7.31326
2025-09-08,USDCNH,7.35122
2025-09-09,USDCNH,7.35122
2025-09-10,USDCNH,7.33913
2025-09-11,USDCNH,7.29878
2025-09-12,USDCNH,7.36401
2025-09-13,USDCNH,7.32818
2025-09-14,USDCNH,7.344
2025-09-15,USDCNH,7.35505
2025-09-16,USDCNH,7.32439
2025-09-17,USDCNH,7.33973
2025-09-18,USDCNH,7.39555
2025-09-19,USDCNH,7.40882
2025-09-20,USDCNH,7.39144
2025-09-21,USDCNH,7.4403
2025-09-22,USDCNH,7.40391
2025-09-23,USDCNH,7.41005
2025-09-24,USDCNH,7.42676
2025-09-25,USDCNH,7.48298
2025-09-26,USDCNH,7.47155
2025-09-27,USDCNH,7.41405
2025-09-28,USDCNH,7.4354
2025-09-29,USDCNH,7.43509
2025-09-30,USDCNH,7.48419
2025-10-01,USDCNH,7.44001
2025-10-02,USDCNH,7.38905
2025-10-03,USDCNH,7.45607
2025-10-04,USDCNH,7.36997
2025-10-05,USDCNH,7.39751
2025-10-06,USDCNH,7.33995
2025-10-07,USDCNH,7.40474
2025-10-08,USDCNH,7.36879
2025-10-09,USDCNH,7.36541
2025-10-10,USDCNH,7.2791
2025-10-11,USDCNH,7.30941
2025-10-12,USDCNH,7.25075
2025-10-13,USDCNH,7.18847
2025-10-14,USDCNH,7.22499
2025-10-15,USDCNH,7.14097
2025-10-16,USDCNH,7.11053
2025-10-17,USDCNH,7.13103
2025-10-18,USDCNH,7.05762
2025-10-19,USDCNH,7.07721
2025-10-20,USDCNH,6.95375
2025-10-21,USDCNH,6.92849
2025-10-22,USDCNH,6.92971
2025-10-23,USDCNH,6.88927
2025-10-24,USDCNH,6.94017
2025-10-25,USDCNH,6.86701
2025-10-26,USDCNH,6.92133
2025-10-27,USDCNH,6.87464
2025-10-28,USDCNH,6.88149
2025-10-29,USDCNH,6.8434
2025-10-30,USDCNH,6.80575
2025-10-31,USDCNH,6.80486
2025-11-01,USDCNH,6.80426
2025-11-02,USDCNH,6.81246
2025-11-03,USDCNH,6.8129
2025-11-04,USDCNH,6.87119
2025-11-05,USDCNH,6.87252
2025-11-06,USDCNH,6.9166
2025-11-07,USDCNH,6.92713
2025-11-08,USDCNH,6.88337
2025-11-09,USDCNH,6.96767
2025-11-10,USDCNH,6.97567
2025-11-11,USDCNH,7.0047
2025-11-12,USDCNH,7.01573
2025-11-13,USDCNH,7.0567
2025-11-14,USDCNH,7.02539
2025-11-15,USDCNH,7.13252
2025-11-16,USDCNH,7.17141
2025-11-17,USDCNH,7.15358
2025-11-18,USDCNH,7.1743
2025-11-19,USDCNH,7.18304
2025-11-20,USDCNH,7.26945
2025-11-21,USDCNH,7.3068
2025-11-22,USDCNH,7.2665
2025-11-23,USDCNH,7.32579
2025-11-24,USDCNH,7.37238
2025-11-25,USDCNH,7.37722
2025-11-26,USDCNH,7.36691
2025-11-27,USDCNH,7.39337
2025-11-28,USDCNH,7.37337
2025-11-29,USDCNH,7.38653
2025-11-30,USDCNH,7.38703
2025-12-01,USDCNH,7.43595
2025-12-02,USDCNH,7.36199
2025-12-03,USDCNH,7.3956
2025-12-04,USDCNH,7.42529
2025-12-05,USDCNH,7.4499
2025-12-06,USDCNH,7.46116
2025-12-07,USDCNH,7.43586
2025-12-08,USDCNH,7.4328
2025-12-09,USDCNH,7.34273
2025-12-10,USDCNH,7.33999
2025-12-11,USDCNH,7.34772
2025-12-12,USDCNH,7.39543
2025-12-13,USDCNH,7.31003
2025-12-14,USDCNH,7.36361
2025-12-15,USDCNH,7.36309
2025-12-16,USDCNH,7.36574
2025-12-17,USDCNH,7.36009
2025-12-18,USDCNH,7.30226
2025-12-19,USDCNH,7.37384
2025-12-20,USDCNH,7.27413
2025-12-21,USDCNH,7.36322
2025-12-22,USDCNH,7.35172
2025-12-23,USDCNH,7.37809
2025-12-24,USDCNH,7.3617
2025-12-25,USDCNH,7.35597
2025-12-26,USDCNH,7.32356
2025-12-27,USDCNH,7.28791
2025-12-28,USDCNH,7.36039
2025-12-29,USDCNH,7.34765
2025-12-30,USDCNH,7.37277
2025-12-31,USDCNH,7.37071
2026-01-01,USDCNH,7.37262
2026-01-02,USDCNH,7.35266
2026-01-03,USDCNH,7.32904
2026-01-04,USDCNH,7.36702
2026-01-05,USDCNH,7.34724
2026-01-06,USDCNH,7.31642
2026-01-07,USDCNH,7.33164
2026-01-08,USDCNH,7.39863
2026-01-09,USDCNH,7.33857
2026-01-10,USDCNH,7.34852
2026-01-11,USDCNH,7.37057
2026-01-12,USDCNH,7.2927
2026-01-13,USDCNH,7.34128
2026-01-14,USDCNH,7.22912
2026-01-15,USDCNH,7.25621
2026-01-16,USDCNH,7.2647
2026-01-17,USDCNH,7.2476
2026-01-18,USDCNH,7.23439
2026-01-19,USDCNH,7.21822
2026-01-20,USDCNH,7.18724
2026-01-21,USDCNH,7.12909
2026-01-22,USDCNH,7.14479
2026-01-23,USDCNH,7.08795
2026-01-24,USDCNH,7.07218
2026-01-25,USDCNH,7.00286
2026-01-26,USDCNH,7.00346
2026-01-27,USDCNH,7.00084
2026-01-28,USDCNH,6.98809
2026-01-29,USDCNH,6.88741
2026-01-30,USDCNH,6.91606
2026-01-31,USDCNH,6.93967
2026-02-01,USDCNH,6.90891
2026-02-02,USDCNH,6.89965
2026-02-03,USDCNH,6.83768
2026-02-04,USDCNH,6.84689
2026-02-05,USDCNH,6.88796
2026-02-06,USDCNH,6.87049
2026-02-07,USDCNH,6.81192
2026-02-08,USDCNH,6.84493
2026-02-09,USDCNH,6.86366
2026-02-10,USDCNH,6.90644
2026-02-11,USDCNH,6.8662
2026-02-12,USDCNH,6.93703
2026-02-13,USDCNH,6.9131
2026-02-14,USDCNH,6.90542
2026-02-15,USDCNH,6.99855
2026-02-16,USDCNH,6.98529
2026-02-17,USDCNH,7.00792
2026-02-18,USDCNH,7.02697
2026-02-19,USDCNH,7.02922
2026-02-20,USDCNH,7.06514
2026-02-21,USDCNH,7.08898
2026-02-22,USDCNH,7.18543
2026-02-23,USDCNH,7.22015
2026-02-24,USDCNH,7.26647
2026-02-25,USDCNH,7.23149
2026-02-26,USDCNH,7.3227
2026-02-27,USDCNH,7.32095
2026-02-28,USDCNH,7.33241
2026-03-01,USDCNH,7.40443
2026-03-02,USDCNH,7.42709
2026-03-03,USDCNH,7.39504
2026-03-04,USDCNH,7.42366
2026-03-05,USDCNH,7.40092
2026-03-06,USDCNH,7.4287
2026-03-07,USDCNH,7.42519
2026-03-08,USDCNH,7.47579
2026-03-09,USDCNH,7.52973
2026-03-10,USDCNH,7.47951
2026-03-11,USDCNH,7.49592
2026-03-12,USDCNH,7.52473
2026-03-13,USDCNH,7.46868
2026-03-14,USDCNH,7.47837
2026-03-15,USDCNH,7.50253
2026-03-16,USDCNH,7.41959
2026-03-17,USDCNH,7.50928
2026-03-18,USDCNH,7.4318
2026-03-19,USDCNH,7.48319
2026-03-20,USDCNH,7.37488
2026-03-21,USDCNH,7.36224
2026-03-22,USDCNH,7.41595
2026-03-23,USDCNH,7.43558
2026-03-24,USDCNH,7.3551
2026-03-25,USDCNH,7.36649
2026-03-26,USDCNH,7.32323
2026-03-27,USDCNH,7.27946
2026-03-28,USDCNH,7.30124
2026-03-29,USDCNH,7.28616
2026-03-30,USDCNH,7.24977
2026-03-31,USDCNH,7.23328
2026-04-01,USDCNH,7.2976
2026-04-02,USDCNH,7.29973
2026-04-03,USDCNH,7.25138
2026-04-04,USDCNH,7.25214
2026-04-05,USDCNH,7.29651
2026-04-06,USDCNH,7.23142
2026-04-07,USDCNH,7.26369
2026-04-08,USDCNH,7.31193
2026-04-09,USDCNH,7.30036
2026-04-10,USDCNH,7.26272
2026-04-11,USDCNH,7.20446
2026-04-12,USDCNH,7.26767
2026-04-13,USDCNH,7.27213
2026-04-14,USDCNH,7.24689
2026-04-15,USDCNH,7.271
2026-04-16,USDCNH,7.29448
2026-04-17,USDCNH,7.30118
2026-04-18,USDCNH,7.22409
2026-04-19,USDCNH,7.22923
2026-04-20,USDCNH,7.18918
2026-04-21,USDCNH,7.2659
2026-04-22,USDCNH,7.18242
2026-04-23,USDCNH,7.2577
2026-04-24,USDCNH,7.18776
2026-04-25,USDCNH,7.14173
2026-04-26,USDCNH,7.13938
2026-04-27,USDCNH,7.10137
2026-04-28,USDCNH,7.17694
2026-04-29,USDCNH,7.09761
2026-04-30,USDCNH,7.07283
2026-05-01,USDCNH,7.087
2026-05-02,USDCNH,7.05666
2026-05-03,USDCNH,7.03098
2026-05-04,USDCNH,7.03987
2026-05-05,USDCNH,6.95831
2026-05-06,USDCNH,6.99966
2026-05-07,USDCNH,6.94687
2026-05-08,USDCNH,6.92973
2026-05-09,USDCNH,6.92297
